score,uid,text
0.80498445,6520857369,针对对外开放条件下境外势力利用宗教对我国进行渗透日益突出的问题，党中央把独立自主自办原则上升为我国各宗教处理对外关系必须坚持的基本原则一一相信政府！完美！
0.3577709,1096120081,​​​​//@战争史研究WHS:连看三遍[笑cry]（李朝党争也是服气，大北派小北派，骨北派肉北派，清小北浊小北，清南派浊南派，山党派汉党派，老论派少论派，宛如不断自我分裂的阿米巴虫，哪天捋一下[允悲]）//@重忆小窗纱:哈哈哈一个广告高度还原东西南北四色党争扯皮现场，还要加上实学派和开化派[笑cry]
0.3577709,1400819581,1，当然能够和平统一。只要实现了社会主义核心价值观的民主，政府由人民投票选举产生，台湾的政党可以到大陆发展，逐鹿中原，大陆政党到台湾设支部竞选市长，台湾人有了更大的舞台为什么要抗拒统一。这个过程也许很慢，50年100年，也许很快东西德，一个晚上的事情。
0.3577709,5304430082,​​​​白苏珊老师三十多年前在江苏上海浙江和乡镇领导喝白酒套数据做田野调查，甚至见到了今天某位常委。前几天还看见某学者说中国政治的出路在做田野而不是坐在办公室对着电脑找数据，但今天基层政府的官员还敢这样把酒言欢掏心掏肺吗。我觉得还是稳一点走上层路线，毕竟“党管数据”，只要能拿到新的一手数 ​​​​​
0.3577709,6520857369,同时，二贤又将学诚法师定性为中国政府海外文化拓展政策在宗教方面的执行人，利用海外社会普遍存在的“恐华症”，破坏龙泉体系的海外拓展，阻击“一带一路”的国际文化战略。
0.3577709,3752634762,​​​​#微评《暴雨将至》  时间不死，圆圈不圆。仇恨不尽，暴雨将至。 语言、面孔、照片，都是标识。 教堂、爱情、故乡，皆为纯净。 种族、宗教、战争的无法和解起源于这样的巴别塔，也击碎了人所应有的体面与尊严。 血腥、暴力、死亡也同样出于纯净的理由而在这片壮美土地上横行。 当宗教或种族的愤怒压倒一 ​​​​​
0.3577709,3075672645,​​​​晋商贷平台正在运转老板被抓，5万多出借人成为受害者，晋商贷的执照是政府发的，运行六年的平台被政府封了，受害者数据无从查找，平台的钱去向不明，受害人去太原上访又多方阻…，山西省有关官员庸政懒政，请你们别把百姓往死路上逼，党是英明的，历史终究会给广大P2P受害者一个交待，晋商贷也不例外！
0.3577709,6520857369,全国寺院都在升国旗搞党建，你们不会一点消息都没有听到吧？你们不升旗不信党，可以向政府抗议，但似乎也没有听你们谁抗议过，可见你们也……呵呵呵。别在背后五十步笑百步。
0.3577709,1677460704,​​​​好玩 「近10年来，安·兰德这个成名于上世纪四五十年代的作家的名字在美国被一再提及。以“茶党”为标志的右翼人士将其奉为赞颂理性、自由和财富的“市场女神”，左翼则对这个冷酷、自私、没有良心的“异端”闻之色变。包括特朗普在内，这届美国政府的多名重量级人物都把她视为最喜欢的作家（之一）。安 ​​​​​
0.3577709,1973009074,​​​​//@不要觉得自己很特殊: 这话没毛病，没有义务去帮助一个在管理上一团乱麻的国家，美国不是婴儿，他们有发达的法治。//美国的问题都是民主党左的问题。如果早退出让美国大出血的世界邮政协议，联邦政府不再补贴国外电商公司且加强监管，强力保护美墨边界打击毒贩，怎么会有这种导致大规模灾难的问题？
0.3577709,6775434271,​​​​感恩宗教局的刘处，在他的牵引下，深入了解到了大相国寺梵乐团的运作模式。皇家梵乐果然非同一般，尤其是《白马驮经》《相国霜钟》两支古曲，悠远梵音，恢弘禅静。有了政府的支持，相信我们的佛乐团一定能走得更好，走得更远。 ​​​​​
0.3577709,1889580232,​​​​//@战争史研究WHS: 连看三遍[笑cry]（李朝党争也是服气，大北派小北派，骨北派肉北派，清小北浊小北，清南派浊南派，山党派汉党派，老论派少论派，宛如不断自我分裂的阿米巴虫，哪天捋一下[允悲]）//@重忆小窗纱:哈哈哈一个广告高度还原东西南北四色党争扯皮现场，还要加上实学派和开化派[笑cry]
0.3577709,1647065055,​​​​高雄市今晚的选举结果是很好的民主典范，陈其迈虽然败选，但仍呼吁支持者只需伤心一晚，接着就去支持新市长为高雄出力；而韩国瑜在胜选后也宣布搁置党派争议，不分蓝绿，市政府团队任人唯才，全力为建设高雄出力。虽说后续仍有待观察，但至少在当下，两人都践行了民主的价值，高度和风度都很好。 ​​​​​
0.3577709,5667094969,​​​​焦点新闻 Z 科斯塔·加夫拉斯的一部政治惊悚片，讲述了在野党左派议员Z先生在宣传和平主义时被右翼势力谋杀，而政府却坚称这是一起车祸，正直严谨的法官介入并揭露事件真相的故事，自此开启了政治片的热潮。影片中科斯塔对群戏和场面调度的天才处理，闪回和预叙的穿插，跳跃时空的镜头剪辑，还有他“如 ​​​​​
0.3577709,1601134657,回复@奢侈品鉴定师未来:我天朝历史上还曾经一直帮助周边的藩属国呢。我国帮助过别的国家，有过道义的举动，就可以践踏其他国家公民权力，践踏国际法，是吗，我国就可以随便跨过请求别的政府去抓那些曾经藩属国的公民，是吗，还是大经济经营体的高管，会影响对方公司的经营。你这道德论倒是挺强势。
0.08944272,5093370679,回复@酷酷马力鸭:[doge]要对党忠诚
0.08944272,1936240134,回复@网友小昭:哈哈哈哈哈当时的学生党都天天蹲守贴吧，一天天盼着赶快上大学能去看演唱会。后来我大一暑假的时候就真的去到啦哈哈哈!!!现在每年都不会缺席~~每一位追星姐妹漂洋过海去看心爱的人都特别不容易，祝小昭老师追星之路天天开心也能常去看哥哥弟弟啦嘻嘻[羞嗒嗒][羞嗒嗒]
0.08944272,2515071807,回复@peace_ye:但是我觉得她一则没有去对话那些文化主义的解释，即在她之前的有关宗教性质决定宗教政策的文献，二则没有说明判定国教性质和政教关系这两个原因谁更重要的依据…而且一些核心概念我觉得可能在旅行中延展了…[笑cry]可能是时间有限没有完全展示吧…
0.08944272,6605508099,​​​​博士言论确实让人不适 还有最后一段提的自组织真的可以和普通自组织类比吗[允悲]//@李子李子短信:对催产素那段保留意见，因为粉丝心理和个人经历与社会环境相关、千差万别的，原子化的叙事可能一棒子打翻一船这样。但是对于自组织的分析很到位，我就觉得是当今天朝自组织无法发展之后的替代。
0.08944272,6112454285,​​​​啊对了！我好像有不少粉儿是考研党，现在这个阶段你们的辛苦和努力我完全懂，这段时间大家如果有问题可以问我，评论或者私信都可以，我知无不言，复试问题先不回复，等你们初试结束后我会发复试经验贴的！抱歉我之前没怎么看私信，很多消息都没回，我这两天会一一回复，如果有共性问题的话我会贴出来一 ​​​​​
0.08944272,5392729683,​​​​三年前为什么要给我的入党申请书在的压缩包加密[允悲][允悲][允悲][允悲] 还设置了一个我完全记不起来的密码[拜拜][拜拜][拜拜][拜拜] ​​​​​
0.08944272,6052515863,​​​​//@忘川河畔-名曰彼岸_181:就两个字 嚣张，赤裸裸打政府脸，你随便举报，随便曝光，监管部门根本奈何不了[挖鼻]政府的脸啊，被放在地上，摩擦摩擦，是魔鬼的步伐[笑而不语]
0.08944272,3931666522,​​​​#芝加哥音乐剧##天朝渣男图鉴（Cover：音乐剧《芝加哥》）[音乐]# ​​​​​
0.08944272,6605508099,​​​​真的吗照月 撸粤党抱头痛哭 我饭的产品发糖了 ​​​​​
0.08944272,5396678227,那未来国民党又可以假统一真捞钱了吗
0.08944272,3912102041,​​​​一个党支部书记凡事就让人去找他，说点事得避开所有人走到走廊尽头结果也没啥屁事，明明微信上可以说的事情必须让人亲自去找他，这种事情难道是正常的？未来的人生如何避开这么些装腔作势的领导？没本事的自己让自己烦恼啊 ​​​​​
0.08944272,6717004954,​​​​#每日一善[超话]##每日一善[超话]# 党的十八大提出，倡导富强、民主、文明、和谐，倡导自由、平等、公正、法治，倡导爱国、敬业、诚信、友善，积极培育和践行社会主义核心价值观。富强、民主、文明、和谐是国家层面的价值目标，自由、平等、公正、法治是社会层面的价值取向，爱国、敬业、诚信、友善是 ​​​​​
0.08944272,5321452397,约吗[二哈][二哈][二哈]可是卷发棒对于手残党真的很难打理
0.08944272,3174977993,​​​​内陆农业社会的生产关系必然需要大政府，抗洪抗灾抗入侵都需要集权政府的高效组织能力。但是现代信息社会的个人主义和自由主义不断侵蚀集体主义的传统文化，能不能抵御这个侵蚀，是中国模式能否继续的延续的关键
0.08944272,5018749365,​​​​还被外国人嘲笑，还被微共挑拨//@君小十:卧槽，斧子直接对着后脖子砍……//@专业戳轮胎熊律师: 艹，200多枚炸弹//@老刀99: 新疆干警都身处反恐战争的最前沿，付出很大牺牲//@邱永峥-天溯智库月满西楼: 全中国没有一处军人警察如驻新疆干警那样浴血奋战的
0.08944272,1902869571,​​​​#羽观集#电台Vol.18 《我在我家楼下发现了个奇怪的老头》 今年到现在最喜欢的一个故事，关于战争，关于生死，关于爱，关于这方人间。 谨以此文献给所有和平年代仍奋战在险境中的勇士们。 “无尽的远方，无数的人们，都与我有关。” “这世界何来岁月安稳，不过有人替你负重前行。”
0.08944272,2020078245,​​​​10月全国地方政府债务余额升至18.4万亿元//@蒋祖权评论: 转发微博
0.08944272,1973009074,​​​​//@危樯孤夜舟：现实如果没失衡的话老太太就不会死也要撑着等下一位驴党明君了 //@老赵:我相信保守派法官不是某个总统的法官，因为他们是抠字眼派。但我不信自由派不是奥巴马法官，因为他们是宪法会跳舞派。//@恐惧飞机的福特：第九巡回马戏团
0.08944272,6520857369,​​​​民运分子释贤佳团伙攻击班禅！ 民运份子释贤佳团伙污蔑佛教爱国领袖、历代班禅大师是外道！ @老林爱D 快来看，民运分子向班禅发力！对内借宗教搞民族分裂！对外攀附反华势力！ @青墨挥洒： 历代班禅大师被藏族人民视为无量光佛化身，历代嘉木样大师被安多地区藏族人民视为文殊菩萨化身，这是藏传佛教各 ​​​​​
0.08944272,5761367313,​​​​#美丽人生[电影]#  《美丽人生》微影评 正像片名Life is Beautiful所传递出的积极乐观一样，整部影片以一个巨大的“游戏”的视角来讲述二战期间集中营的故事。对于正在经历这一切的小主人公Giosué来说，对集中营、战争的全部价值和认识来自于父亲的讲述，后者正用走心而善意的谎言来呵护孩子无暇的心灵 ​​​​​
0.08944272,1697805522,​​​​绍兴十年，算是宋金战争的高潮了，最精彩的战役，最明显的人格，全都展现了出来。 可高潮过后，就是结局了。 http://t.cn/zQhKugu ​​​​​
0.08944272,1233811127,​​​​据古希腊神话传说，宙斯化作天鹅，与人间少女丽达交媾，丽达生女儿海伦，绝色的海伦成为十年特洛伊战争的起因。诗人叶芝1923年写下《丽达与天鹅》的诗作。//@洛之秋:回复@共鸣默默:天鹅是“油腻恶臭低劣的男人”变的。[喵喵]//@共鸣默默:就算是跟天鹅做，也比跟油腻恶臭低劣的男人做好。
0.08944272,3620865607,就算是亚普，我只爱毛子冷酷背景下的au亚普。十二月党人革命，列宁格勒围城。要的就是鲜血淋漓，要的就是疾风骤雨。这样的气质才符合亚普。天神与凡人之间，胜利者得全部，失败者余残生。
0.08944272,1980953575,​​​​#东评晚读[超话]#战争失败给德国带来了深重的创伤和难以平复的痛苦，无论是身体还是精神层面。1920年代时，在整个德国，从波罗的海到阿尔卑斯山，在情绪低迷的民众中，毒品的重要性日益凸显。巧合的是，生产毒品的技术也是现成的。 ​​​​​
0.08944272,1779532237,#青岛胶东国际机场#  真的好气啊！！！烟台你就这么不思进取固步自封抱残守缺毫无发展自娱自乐自我满足吧！！！行政地位降级，终于连胶东的名字都被青岛抢走了，青岛胶东机场看到了没！！！青岛胶东机场看到了没！！！你烟台的政府网站你还好意思叫胶东在线么！！！再这么下去下一步就要被青岛给并了！
0.08944272,3401481034,​​​​纪伯伦的先知代表的是那一类广受公众欢迎，却不被严肃文学界，或者文学评论界待见的作品。这个作品可以看作质量很高的心灵鸡汤。宗教能带给人心理的安慰，但宗教总要求承受某些宗教义务，给人很多规矩。而这种心灵鸡汤就不一样了，它能给人以心理安慰，却不需要人们为此承担任何义务。人们很轻松地得到 ​​​​​
0.08944272,1404306263,​​​​因为政府只关心资本家资产不关心老百姓口袋，小散的钱从来赔了就赔了！
0.08944272,1404574003,"今天晚上看结果,就怕出现那年两颗子弹一样的事情.国民党开始一路看好,最后被陈水扁绝杀............."
0.08944272,6346402426,​​​​今天本犬派和猫党平起平坐了[太阳]
0.08944272,6865039268,​​​​1.早上线代子空间再次迷茫 2.下午去508看漂亮小姐姐 3.赶文机作业 4.史纲作业交了 我们组pre  zfq居然知道我是zhf班的 5.志愿活动是大家一起去 开心 6.常宝宝答应替我去党课 “一波操作稳如虎” 出卖灵魂 7.明天Python 瑟瑟发抖 8.明天下午要写高数习题和经济学了 9.阿姨给我买了羽绒服 快乐  10.吃着 ​​​​​
0.08944272,6273886747,​​​​//@M大王叫我来巡山:不要再有战争了//@丨大姨太丨://@就是一颗糖呀://@非著名半导体网黄瓜://@阿葱:想转给首页。//@荷兰豆养殖专家: 我们活在同个世界//@好烦哦不想改名字:大太阳下暴起鸡皮疙瘩
0.08944272,6655824539,​​​​微博正文无疑是标题党，但看视频里的正文能嗅到一点“猫儒”的味道？
0.08944272,2731176820,​​​​//@猫儒学派未亡人://@Agape_de_la_Mancha: //@神算子哈里谢顿 :[汗]//@广州城堡堡主 :孩子们出国留学以后越来越麻烦了[允悲]//@g-_stone :昨天刚说中国科技交流可能会被外国从政府到民间集体封杀，今天就变现实了。政府关注的是知识产权，民间关注的是名誉风险。这就是胡来的代价
0.08944272,3237705130,​​​​#北大人物#10月31日下午，中共中央政治局就我国人工智能发展现状和趋势进行集体学习。北京大学教授、中国工程院院士高文就这个问题作了讲解。11月12日，高文为北京大学党委理论中心组（扩大）会议做报告，阐述我国人工智能发展现状与趋势。北大校报以此为契机对高文进行专访，请他为读者就“人工智能” ​​​​​
0.08944272,1167257004,​​​​对于新技术，总体而言我还是觉得宜疏不宜堵，尽快从伦理和立法上完善，另一方面上需要解决现在生物行业血汗工厂的现状，使广大生物砖狗得到足够的&quot;获得感&quot;。不然政权稳定的国家是监管住了，没人敢乱搞黑科技，但中东地区中南美洲等无啊政府或者小政府的地方怎么办?墨西哥连毒品都禁不住，焉知黑帮大佬 ​​​​​
0.08944272,6130293504,​​​​//@战争史研究WHS：在英国参观莎士比亚、华兹华斯等人故居，包括那时代的小酒馆什么的，发现门框天花板都很低，床也短，估计十八世纪英国人的平均身高也才一米六上下[允悲]
0.08944272,5198455242,@闲闲的诗酱 熬夜党需要
0.08944272,6501966921,​​​​#林彦俊[超话]#[心]#费加罗×林彦俊偶像源代码#  🆘为了让超话飘满杂志贴  🆘请你跟我这样做 🆘复制粘贴九张图 🆘广为转发多宣传 ⚠️上班上学延迟党 超话拜托别人抢http://t.cn/EL6QaLR 👇🏻👇🏻👇🏻👇🏻👇🏻👇🏻 ​ ​​​ ​​​​​
0.08944272,1167257004,​​​​明星吸毒一般是少量长期很稳定的，对于政府而言，好像确定了某个明星吸毒之后，不一定非要急着抓，多吸一天少吸一天没多大影响，反正明星有钱，一般不会牵涉到贩毒以贩养吸，就是损害他自己的健康而已，社会危害性不大。所以，似乎是存在睁一只眼闭一只眼，到了需要爆新闻的时候再抓的可行性的吧…
0.08944272,6434624891,​​​​古埃及也//@妇女之友罗严塔://@Aoide弦歌:hhhh从中作梗 //@娜芙缇缇: //@战争史研究WHS:闪族语没元音[允悲][允悲]YHWH[允悲][允悲]
0.08944272,5540622969,​​​​//@专业戳轮胎熊律师: 泉州政府通报：①东港石化对外报告泄漏量为6.97吨。实泄漏量69.1吨…………
0.08944272,1404306263,​​​​//@金鑫泰山://@纯洁善良潘帕斯:厉害了我的党[挖鼻]//@赵亚赟:这就是中国体制的优势，不跟你比赛加关税，干脆一点都不买了。所以川普那种拿商品进出口总额算是犯傻。
0.08944272,6522541022,回復 @栗将軍_羽生党:你太厉害了还去翻魔笛点赞记录哈哈
0.08944272,1216919961,​​​​此地无银300两，哪里来的误读？所谓备案变更，难道不就是无限管制吗？！当下时代，谁敢误读政府？市场经济凭什么要早请示晚汇报？！认为误读了就把这句话删了！
0.08944272,1167257004,​​​​生化狗，化学狗可以去金三角制毒贩毒发大财——同时风险很高；生物狗也可以找个无政府的混乱地区搞克隆和基因编辑——风险也不低，万一给黑帮大佬弄出个畸形儿，估计也会被杀。 ​​​​​
0.08944272,2831467451,​​​​无话可说，，//@战争史研究WHS:这货要是看过森村诚一《恶魔的饱食》……不敢想[允悲][允悲]//@宝树:该书作者已经第一时间站出来谴责了//@谢泼德:哈，方案都是科普书上的啊
0.08944272,2604349571,​​​​//@李连荣的微博: 执政党为何不敢免费医疗？
0.08944272,2844331803,回复@早睡早起的挖土果子:党课组织的[喵喵]
0.08944272,2961792542,​​​​【宗教的LOGO设计影响力有多大？（深度解读）】（来自 @一点资讯） http://t.cn/ELLmbOD ​​​​​
0.08944272,1400819581,湾湾不是相信民主、相信人民吗？建议我党去台湾设立台湾支部参加市长选举，我们也欢迎国民党，民进党也到大陆设立各省市支部参加我们市长的选举，就不信我们8000万党员还选不过他们？who怕who啊？
0.08944272,1400819581,​​​​湾湾不是相信民主、相信人民吗？建议我党去台湾设立台湾支部参加市长选举，我们也欢迎国民党，民进党也到大陆设立各省市支部参加我们市长的选举，就不信我们8000万党员还选不过他们？who怕who啊？
0.08944272,5346734584,美美哒，真羡慕你们这些会化妆的人，我完全就是个手残党[允悲][允悲]
0.08944272,5329923236,回复@_Damocles_:之前说6.9吨的也是泉州市政府，现在被证明是假的。那泉州市政府现在说是企业，选择不相信怎么算恶意揣测呢。另外骂人不好
0.08944272,1280769960,​​​​没错，这曾是我的人生理想之一//@战争史研究WHS:[汗][汗][允悲][允悲][笑cry][笑cry]
0.08944272,1906683135,回复@刘斑斓:导致同盟破裂的原因是，拿破仑率领法军进攻当时还是奥斯曼属地的埃及，拿破仑入侵埃及的战争也导致奥斯曼帝国加入第二次反法同盟
0.08944272,2349307442,​​​​//@MIAOMIAO_WONG:“无知者无畏。”其实这种技术世界上几千家实验室掌握，但是为何中国会实施？这种世界首例会给实验室主持人员带来何种利益？这种涉及伦理的实验是否不需要任何政府相关部门的准许？这两个孩子的信息曝光后，其后的生活会如何？公众会“参观”他们么？科学家会持续请他们作为实验品被
0.08944272,5926658738,我这两天反复听，我觉得这歌应该是党歌
0.08944272,6655824539,​​​​[费解]//@乌衣衖 :嘛情况？//@战争史研究WHS :对胡老师刮目相看[允悲][允悲][允悲][赞][赞][赞]（虽然他把转发数数少了一位，但倒数第二句用的那个词引起了我无比的舒适）//@犇犇音悦会 :[允悲][允悲][允悲] http://t.cn/ELfcihZ
0.08944272,6512293403,​​​​“美国的秩序在性质上是保守主义的，因为美国的宪法是保守主义的。”  “该书颠覆了中国读者对美国的许多错误印象：印象中，美国秩序是进化的、世俗的、科学的、现代的、民主的。事实是，美国秩序是神明的、宗教的、道德的、古老的、共和的。印象中，美国秩序是一群政治精英在费城横空出世的妙想；事实 ​​​​​
0.08944272,1002742431,​​​​//@国民学叔:[哆啦A梦吃惊]//@进击的多肉:感觉很像是越南话或者泰国话😂//@战争史研究WHS: 确实感人[允悲][允悲]按那人“复原上古音”的方法去读“school”，估计会读成“斯哧沤沤勒”[允悲][允悲]//@韩今谅:这个我隔段时间就要拿出来听一下 怎么这么感人
0.08944272,1662393624,​​​​//@电闸绪方_麻天狼女孩 ://@既生瑜何弃疗 :因为人类的一切优点也都是个体的缺点吧//@彧嘉之醉 ://@飞天毛绒绒 :感觉一样又感觉跟他相反//@猫酱-目标攒钱 :なんとなくわかる//@玛栗蟲 :十几年来我每天都会想起这段话。然后想到不懂宗教就不能真懂他，只不过是自以为理解了，就又沮丧
0.08944272,2716722933,​​​​插眼吃瓜//@战争史研究WHS: [吃瓜][吃瓜]  http://t.cn/ELc2BgQ
0.08944272,6106275292,​​​​（可能引起强迫症不适）到底要怎么涂好指甲油哦💅 手残党晚期了我 ​​​​​
0.08944272,3320142951,回复@朕到扬州观琼花:呸，必须得感谢国家感谢党!
0.08944272,5407912527,​​​​我来领奖吧，我领奖词写好了，不用半夜发sns。我挺自豪的一点在于，当我写这个的时候，还没看到下面，不知道7真的因为懂不懂1995这个问题进行了系列战争。我自豪在于我和老板提纲挈领地共享大脑了，比哦们更神奇。
0.08944272,1267108541,回复@党人碑:好咧！
0.08944272,1655151355,​​​​//@黑光乍泄:拍下这些震惊照片的摄影师卢广已经在当地失联，BBC报道了此事。之前因为拍摄艾滋病题材与政府结下梁子，目前“人间蒸发”中。 http://t.cn/ELWnz3q
0.08944272,2075664175,​​​​哈斯姬尔（1895-1960），罗马尼亚女钢琴家。命途多舛，经历了三次重病和战争，又遭遇意外去世。她的照片，真的是优雅本尊了！ ​​​​​
0.08944272,5607448717,看到啦！还真的是在搞宗教
0.08944272,6792485486,​​​​再读《共产党宣言》！习总提出的人类命运共同体是不是新型的以国家为个体基础上的共产主义呢？#读书[超话]# #马克思恩格斯[超话]# #北京 · 北京大学[地点]# ​​​​​
0.08944272,5156632566,​​​​#燕京学堂# 2018年11月23日下午，以色列英飞尼迪集团（Infinity Group）创始人及管理合伙人、2017年“中国政府友谊奖”获得者高哲铭（Amir Gal-Or）到访北京大学燕京学堂，发表了题为“Cross-cultural Communication - Break the Glass Ceiling”的演讲，与同学们分享跨文化交流的重要性和方式，并探讨 ​​​​​
0.08944272,2840622434,没问题啊，就是对外只有一个中国(中国大陆+中国台湾)，在中国国内，你表就表呗，反正在联合国的是大陆政府；另外记得，各表是口头的，书面的正式的对外的都必须是中国，以后不要说什么改成中国台湾了，这叫正名。
0.08944272,5321452397,​​​​//@大神说 ://@TS挠挠强Daniel ://@电影工厂 :先马了再说[拳头]//@冷笑话精选 : 马，学过的都忘干净了[允悲]//@JiuJiu祺祉庞 ：考研党收藏了
0.08944272,1216919961,回复@ex335: “普通人出门在外也适用这个”，差不多是这样，因此转发为《生命手册》。记得30年前和导师出差，每次导师都一定要找不对招待所或者政府招待所住。世异时移，国人的生存安全感到底增强没有？事实与怀疑（14）
0.08944272,1216919961,​​​​回复@ex335: “普通人出门在外也适用这个”，差不多是这样，因此转发为《生命手册》。记得30年前和导师出差，每次导师都一定要找不对招待所或者政府招待所住。世异时移，国人的生存安全感到底增强没有？事实与怀疑（14）//@ex335:感觉以后普通人出门在外也适用这个！
0.08944272,1404306263,​​​​原因之一？主要还是贸易不平衡吧。这些都是自主选择的可以接受的，不是单方让步。//@侯宁:谁能想到，美国对华发动贸易战的原因竟然是因为中国对美发动了鸦片（芬太尼）战争？！[阴险]
0.08944272,5609235943,回复@那一天你说你要走:围观大型双标现场：“战争时屠城是自然产物，和平时恐袭是搞事”[doge]
0.08944272,1601134657,回复@貌似学生:不然你以为呢，政府是不生产钱的，国内债务压力那么沉重，最终肯定是老百姓负责还啊。现在的博弈是终究用房地产税来收钱，还是对普通人下手。高管们在温水煮青蛙地逼大家站队呢。
0.08944272,6040346671,​​​​《宗教生活的基本形式》真的好，没有学科基础的人也可以无障碍阅读，强烈推荐一刚，真的好 ​​​​​
0.08944272,5512871994,//@战争史研究WHS:圣经里的吾珥，亚伯拉罕的老家//@在下黄昏鸟:转发微博
0.08944272,1297569020,不知道的还以为是你俩要结婚！（不过反正要生孩子的，也不在意这些细节了（）什么样的宗教会让自家最厉害的两个大神生孩子啊！！！有毒吧你们
0.08944272,5597326217,回复@猫_薄_荷_成_精:撒路斯提乌斯《喀提林阴谋 朱古达战争》
0.08944272,2854154774,​​​​“黑暗旅游”，好棒的概念，以及千禧一代对战争的遗忘和游戏化，确实令人紧张
0.08944272,5732816007,​​​​[米奇大哭]//@战争史研究WHS:香甜暖和，喝下去挺受用，挺养胃的（我和@开水族馆的生物男 在乌鲁木齐喝大酒喝伤了，去兰州喝这个调养几天，调养好了）
0.08944272,2732936903,​​​​我放弃入党了，那些活动，我一个都不想参加 ​​​​​
0.08944272,5415200562,​​​​@Mockingbird_ivy 哈哈哈哈哈//@方流芳: 面对问责应当是当官必修课，但王世坚单方炮轰，对方没什么机会答辩，这就缩减了质询的价值。不过，双方都没有骂对方寻衅滋事，还可以。//@索多玛城外的盐柱: 民进党里只有王世坚一个真男人。我很欣赏这个人，真性情，很善良，很正直，很暖男（实际上）。
0.08944272,5512871994,​​​​//@陆弃:我去台湾了解到，不仅仅是公立医院，台湾人在私立医院看病也只用付挂号费，免费医疗全覆盖，包括农民。//@河床兄弟:免费医疗的开始，就是公立医院服务水平大倒退的开始。因为政府医疗费用紧张，一定会克扣医生工资收入，这种状况下因为留不住好医生.
0.08944272,1404574003,"海湾战争应该打,伊拉克把整个科威特都占领了,反而他长子当总统的时候发动的伊拉克战争不算义战..................."
0.08944272,6028160023,​​​​#————  看了新版本上线时间的那条微博，好多评论说能不能给考研党一个机会推迟什么的…反驳他们又有回说只是吐槽而已，又没有真的要求推迟。那nsnmn 吐槽看多了眼烦懂不 真是服了玩游戏玩到魔怔的人，孰轻孰重拎不清？一个游戏而已，有你现实人生发展重要吗？？？ 也警醒自己。 ​​​​​
0.08944272,1054804933,​​​​细读《墨子》的观感是，这一派还是以宗教般的组织和实践为主，思辨性差一些。即如《尚同》，自相矛盾之处很多。根本上，是缺乏一个固定的人性假设作为思考的起点，想起一出是一出。「民知上置正长之非正以治民也，是以皆比周隐匿，而莫肯尚同其上，是故上下不同义。」民若能「知」，又何必尚同呢？ ​​​​​
0.08944272,6581168026,​​​​还愿 http://t.cn/EyoHF00 //@鸭鸭小芋圆:保佑我明天高党过吧求您了//@-Serendipity琛啊:保佑我高党过吧求您了//@-Serendipity琛啊:转发超越妹妹 保佑我早日康复少遭点罪吧//@-Serendipity琛啊:94分过了 我爱超越//@-Serendipity琛啊:来还愿了！cymm赛高！！！/@-Serendipity琛啊:继续转发！经测验转这个最有用 希望能过
0.08944272,6062135632,​​​​早晨一到，整个市镇的生活又开始了。  人们已经从被窝里钻了出来。他们咳嗽着，吐着口痰。他们大多数人，都睡得很好，既没有做过好梦，也没有做过噩梦。因为在他们看来，一切都是很自然、很简单的。纵然某些新的事物，比如物价、兵役和战争，有些时候也叫人感觉生疏，感觉苦恼，但是时间一久，也就变得 ​​​​​
0.08944272,2840622434,但是之前，“台湾民政府”的存在，而且还有那么多信众让我觉得台湾傻子还是挺多的，甚而也不知道什么是九二共识服贸货贸就瞎jb反对，反正看你不爽或者你的对手蛊惑我我就反对。
0.08944272,5851059451,​​​​突然觉得天朝选手真的可怜，从YH到LZJ到JBY，都是天朝单人滑的一棵棵独苗，退的不清不楚糊的不明不白，各种说法满天飞，官方不站出来发布信息不说到底是心理有问题还是技术有问题还是受了伤还是自己想要怎样包括教练的选择，所有的信息都靠粉丝瞎猜，不断的传递可能越错越离谱的道听途说，甚至要靠私生 ​​​​​
0.08944272,1801155927,@呼唤鹏鹏  是我见过经历最可怜的孩子，长期被虐打，不给吃饭睡觉，最终被打成颅脑75%损伤、双目失明、全身瘫痪的植物人，只要善良的人都会被深深的虐到，求政府关注，求群众资助，我们一起把孩子从地狱拉回人间，严惩孙小倩，孙小倩死刑！
0.08944272,5799664003,​​​​且不说强国的具体现状，原博也没道理。国家占有的矿产，文物，水利等，哪个不是属于每一个公民的财产？这难道不是公民权利的来源？难道哪个政府的全部运营靠缴税来的？//@邓艾艾艾:说得好像在这国交了税就有完全公民权、有权力决定公共事物似的，最有权力决定的恰恰不就是些能力以外资本为零的啃爹族。
0.08944272,1167257004,​​​​没想到范冰冰是党员，被查出偷税漏税之后是不是还要按比例补交党费……这么大事儿也没算违反党纪给处分什么的。 ​​​​​
0.08944272,2006830545,​​​​如果你生于1985年到1998年之间，请记得你的霍格沃兹入学通知书之所以没寄到，是因为伏地魔抹去了政府文件中这期间出生的麻瓜巫师记录。 ——J.K. Rowling   哇呜[泪]当年真的等的好辛苦。 http://t.cn/zRWmMUh ​​​​​
0.08944272,2398257205,​​​​//@pkuwd:虽然文章老，逻辑却是一直适用的。土地财政是地方政府获得建设资金必需的信用途径，难言退出。但之前的土地财政是通过土地补贴企业，未来会转向通过保障房的形式，以土地补贴居民。背后的逻辑是一致的，补贴创造税源的短板。
0.08944272,1167257004,赵薇可能也是党员。黄晓明应该不是——不然他那豪华婚礼要算大操大办了吧……
0.08944272,5167455152,​​​​中国政府，营救孟晚舟的一个有效的办法，就是马上抓扣在华的加拿大独资公司的高管，不放人，就长期扣押！ ​​​不用跟加拿大人废话，他们不懂人话！ ​​​​​
0.08944272,6775434271,贤佳法师的意思是，中国政府保护不了贤启。我很想知道，贤启要避什么样的安全风险？贤启法师哪方面不安全了？是贤佳担心某某事情要败露了吗？
0.08944272,6775434271,贤佳法师的意思是，中国政府保护不了贤启。我很想知道，贤启要避什么样的安全风险？贤启法师哪方面不安全了？是贤佳担心某某事情要败露了吗？
0.08944272,6775434271,截图中的居士也挺有意思，脑子像是进水一样。梦中的微博封了，这名居士竟然估计是政府要后续处理学大，让大家以为梦中是学大的粉，笑死了。梦中一直是反学大的，梦中的微博封了，正常思维不应该是先估计政府要处理贤佳么？
0.08944272,6053565169,​​​​Spacorinth的时间线： 前8世纪左右（尤其是800-720年）大概第一次见面并且交流很多，那时候Spt已经建立起了他的agoge还有严苛的立法，Krt则处于巴凯厄迪家族世代（不过这里要查一下科林斯在美塞尼亚战争中援助斯巴达到底是什么时间，747年家族改革之后她性格应该有变化，至少不再那么backwater，开始寻 ​​​​​
0.08944272,3606926711,​​​​巍生素双担喜极而泣[憧憬][憧憬][憧憬]我的巍巍和生生szd[憧憬][憧憬][憧憬]//@z追一追z:面巍党今天被锤进地里（。
0.08944272,5149555191,​​​​这他妈什么帅比教父黑手党发射钻石爱情小子弹我的心上tangtangtang！再来这个旋律我有爱到！！！！
0.08944272,5799664003,​​​​戴曾是鄙校学生会主席，我认识一些博后或校友都与他打过交道甚至很熟。有几位认为戴是理想青年，创办ofo也是他的理想主义，成为现在这样是他想避免被大资本吞并但没有操作好。但我出于观察与常识很怀疑//@欧布里维恩:“创始人说‘我们要不惜一切代价赢得战争’，但是’你是那个我们吗？你是那个代价’
0.08944272,1662395500,国民党在大陆有人对他有好感？算了吧，快臭大街了
0.08944272,5593377975,​​​​//@神算子哈里谢顿: [汗]//@史海悠游:在国内，梯也尔被污名化已久，他的《执政府及帝国史》内涵极其丰富，是法国大革命史研究领域不可或缺的经典名著。
0.08944272,1973009074,​​​​//@不要觉得自己很特殊: 共和党建制派的右，是建立在全球主义左之上的右，只是左派思想的一个小小的补丁，成为左派文化中的一部分，他们并不能钳制左派。川普的右派是真正的右派，非常传统，非常保守，非常坚定，跟左派思想针锋相对。与川普和共和党茶党相比，共和党建制派更像是站在左派阵营。
0.08944272,1973009074,​​​​//@不要觉得自己很特殊: 跟道德无关，事实在这里，不破釜沉舟，美国政府永远只能一次次被动地解决类似的事情，从2000年到今天，芬太尼每年致死大量美国人，18年了，美国人眼睛瞎了？他们干了什么？难道一开始不应该长远着想？第一件事就是建那个fucking墙，第二件事就是政府接手芬太尼的采购销售。
0.08944272,1973009074,​​​​//@不要觉得自己很特殊: 蠢人看到与自己不一样想法的人都觉得是疯子。//@StimmungtheMad:有位朋友说的对，她还真可能成为新川普，毕竟现如今干什么都是流量为王嘛。以后两党蒸治的原则就是右派负责卖疯，左派负责卖蠢。
0.08944272,1216919961,​​​​拨打12345电话就可以让自己的生活环境变得更美好，各地政府都在24小时等待市民电话告知如何改进和提供更好的公共服务。为这位云南省曲靖市这位市民点赞，为曲靖市人民政府点赞，期待更多人相信：人们可以通过追求实现个人的美好愿望来造福他人和社会。事实与怀疑（17） ​​​​​
0.08944272,3160255412,​​​​前几天在百讲看《邹碧华》，前天又去科技馆（党建活动），其实对人生意义和道路又有几多反思。打算闲下来写第一次思想汇报。 ​​​​​
0.08944272,1622961807,​​​​[doge][doge][doge][doge]//@战争史研究WHS:“谢邀，本人985毕业，年薪一百万”那家？
0.08944272,6775434271,​​​​//@思嘉-天空之城 贤佳法师的意思是中国政府保护他但不保护贤启法师。这话说的，太离谱了[笑cry][笑cry]。他们举报，不信的群体中有人骂他们就算是威胁，那他们持续4月领导几个网络混混攻击学大，龙泉僧团，还有变态一连25个贴把燕侠十几年前的往事都挖出来算什么？
0.08944272,6775434271,回复@云寂微:账号YC要起诉的人有五六位，为嘛只封了梦中的号，没封呼和、低调、见龙在田等人的号？//云寂微 :账号YC，通过向法院立案起诉个人收到网络攻击人身侵害，由律师向新浪发函调取其想要打击的人群账号信息，是以“网络攻击人身侵害”为由封号的吗？那还是民事纠事，也不干政府啥事。
0.08944272,1093737393,​​​​//@江氏小盗龙: 我们很容易被无棘腔鳄独特的外形和生活习性吸引，却忽略了其有限的化石因为战争毁灭的历史，它被我们人类又“灭绝”了一次[泪]
0.08944272,6769847088,​​​​中国粉丝圈亟待整治的原因有几点： 1、在网上以为大家都不清楚是人是狗，所以肆意谩骂别人，污言秽语层出不穷。 2、很多营销号言论似是而非，随意挑拨。 3、平台数据至上，而不对明星自己的行为予以约束。 @国家网信办举报中心  @中国政府网 ​​​​​
0.08944272,2127552264,​​​​为什么我这么一个热爱祖国热爱党的人要去律师圈瞎折腾……我悔啊……我的公务员啊[悲伤] ​​​​​
0.08944272,2610262151,​​​​政府会计老师“你们是会计专业的嘛？你们企业会计老师是谁？我要跟他说你们什么都不记得了，他一定伤心死了” ​​​​​
0.08944272,6570153809,​​​​有种告诽谤呀嘻嘻//@没有不散的筵席_梦中调频:3万粉的透明人都搞，胡歌你可以的。胡歌从不买热搜。胡歌从不卖人设。胡歌重情重义。胡歌爱国爱党。胡歌关心社会公益事业。胡歌尊重女性。胡歌从不歧视黑人。还有什么我没说到的就当我喝醉了忘了。
0.08944272,5607448717,回复@扝和:真的😂我觉得这个场域做社会心理学和宗教社会学的研究真的超级适合了
0.08944272,2760823001,你在贴吧讲话好宅男哈哈哈哈哈哈哈哈哈哈哈哈哈哈哈哈哈哈，好，高级考据党！
0.08944272,2101218125,​​​​把福岛核电站变成旅游景区，也是七年东浩纪牵头做的一本企划。书一出版，就被日本民众群起攻之，投过稿的开沼博还中途倒戈。没想到……我对这个企划的看法是他得到了鲍德里亚“海湾战争没有发生过”的真传，一切都是在象征交换中流动的。现在…………不禁让人觉得，日本真是个神奇的后现代大本营。
0.08944272,6365989231,​​​​#《巴贝特之宴》微影评 # #一场宴席达成的和解# 海岸的阳光锋利冷清，与咸鱼的鳞片交织成奇妙的温暖光辉-----简明澄净的画面中暗藏机锋，是电影开篇就酝酿着的矛盾，在四位青年的故事里体现得愈发明显：美丽简朴的两姐妹是信徒的领袖，守护着灵魂高地上的宗教与神话；矜贵富有的两位男子是世人的代表， ​​​​​
0.08944272,5512871994,//@侯虹斌:看看朝鲜人和韩国人的身高差距就一目了然了//@战争史研究WHS：在英国参观莎士比亚、华兹华斯等人故居，包括那时代的小酒馆什么的，发现门框天花板都很低，床也短，估计十八世纪英国人的平均身高也才一米六上下[允悲]
0.08944272,2012667405,上课在讲独战不是窝巢概念上的反对殖民压迫的民族主义斗争……我觉得这个性质在那个小共和国时代就已经一脉相承了，那种“殖民地”的用词和东亚语态里熟悉的完全不同，天朝历史理解上概念分野的节点比起扯虎皮做大旗的什么“自由”“平等”，不如说是“自治”在逻辑链上更先
0.08944272,2020078245,​​​​马新政府称将退出与中方签订的自由贸易协定 中方回应 - 今日头条 - 问：马尔代夫新政府称将退出与中方签订的自由贸易协定，有马方政治家称，该协定是单向的，中方不会购买马方的任何东西。你有何评论  答：《中马自由贸易协定》是互利共赢的，早日实施将使双方早日受益http://t.cn/E2lp693 ​​​​​
0.08944272,1576949363,​​​​在得知自己过了本来毫无希望的党考之后高兴的比中了王思聪的一万块钱还要开心，冷静两个小时之后，发现还是金钱能带给我更加持久和真实的开心，其他什么人生三大幸事什么失而复得可能在得到的那一刹那会开心一会儿，过了之后还是觉得平淡无奇。 ​​​​​
0.08944272,5186321849,​​​​讲道理 味精手机里的我真的很像是有备而去讲冷笑话大全的（而不是入党发言........... ​​​​​
0.08944272,6797431796,回复@Antares小王子的小狐狸:还有巩俐李小龙李连杰陈凯歌等等啦，全部抵制，抗日战争时期为国家做出极大贡献的华人也一律抹去，让键盘侠和无脑黑来引领潮流，带领我国屹立于世界东方[可爱][二哈]
0.08944272,5175319514,回复@Aiuuuuu岁末:你才没带脑子 政府都不看不认字的文盲
0.08944272,2614049695,​​​​//@蜜low佛://@驴立领:「在你目睹了战争之后，辐射就什么都不是了」
0.08944272,6128307697,​​​​致考研党🙏 ​​​​​
0.08944272,2018827722,回复@会划船的鱼:你抄来的这些谬论，有逻辑缺陷，看着很搞笑，也不能以理服人。你发出来，也不怕别人笑话你。政府宣传经常耍流氓的，你要是自己想不都想，把他们说的全部都奉为真理，恐怕会贻笑大方。两千零几年那会儿我们的外交部还说“主权高于人权”呢，这几年你看他们还有胆子这么说吗？
0.08944272,2018827722,回复@会划船的鱼:你少看一些政治宣传，多一些自己的独立思考吧。两岸分治状态下大陆当局也只得到居住在大陆的十三亿人民的授权，没有得到全体中国人的授权，那你让大陆当局情何以堪？现在的中华民国其实就是一个国家，只是大陆政府和主流国际社会因为政治原因不承认罢了。台湾与港澳的不同在于台湾人有自己的国家。
0.08944272,5405082071,​​​​//@王小亚爱喝柚子露:绝对是党员批皮了🙏//@扩散性百万Winnie王://@STAF-L:🙏//@myimmortalyuzu://@不忘初心的大白鹅:🙏//@羽生家的蓝心心心心:谢谢央视。宝贝快快康复🙏
0.08944272,2961794997,劣币驱逐良币不是因为信息不对称，而是政府为了收铸币税有意为之。就好像大众不是不知道流量明星的作品有多么劣质，而是被资本和流量强行审美绑架一样。
0.08944272,1297569020,帖子被删了！我的快乐源泉没有了！！！第一次看见水军cos党员[允悲][允悲][允悲][允悲]
0.08944272,2820155815,战争中的儿童视角特别动人，而这部电影的儿童视角不由导演建构，而由片中的父亲建构，尤显特别。
0.08944272,3149932020,​​​​//@战争史研究WHS:没点开还以为“真人版”说的是人偶剧[允悲][允悲]//@郭斯特:明年！！我准备好钱了！//@辣条娘:迪爸爸果然是迪爸爸[跪了]//@黄美姬么么哒:啊啊啊啊啊！！！！小奶狮！
0.08944272,1233811127,据古希腊神话传说，宙斯化作天鹅，与人间少女丽达交媾，丽达生女儿海伦，绝色的海伦成为十年特洛伊战争的起因。诗人叶芝1923年写下《丽达与天鹅》的诗作。
0.08944272,2732327427,金马事件就是民进党的一盘棋，这种民主真的是low
0.08944272,2425413793,​​​​第一次看天朝渣男图鉴的时候，还被那种愤怒刺激的有点不舒服，但比起生活真实的绝望还是小巫见大巫😔😔😔
0.08944272,2604349571,有些人经常感觉自己受辱是不是心理有点不正常？//@充气榔头: //@释老毛:华为辱德，德国政府欣然接受羞辱，德国明星很迟钝，很不政治正确……
0.08944272,5610294023,​​​​党支部小组长可能是个睿智。 ​​​​​
0.08944272,6828470834,等会，图一跟图二有什么联系吗[费解]？怎么从图一得出图二进一步得出原博自己的结论的？原博又是怎么从图一得出自己层层党委这么个结论的？这有什么关联吗？原博总不能又是在云政策解读强行解读？
0.08944272,1973009074,​​​​//@寒汀塘: //@以缺德狐人隆美尔://@肉本蒜 :如果川普一开始就这么说，相信罗伯茨大法官也不会怼他。前面那些话，把党争引入司法系统，那大法官当然不能不管啊。
0.08944272,1468313265,反不正当竞争...[阴险]//@我是群叔: 抛开政府出台这种举措的前因后果，南京市教育局有权发出这种违背宪法和劳动法（占有老师８小时之外的空间）的号令？
0.08944272,1779532237,​​​​#青岛胶东国际机场#  真的好气啊！！！烟台你就这么不思进取固步自封抱残守缺毫无发展自娱自乐自我满足吧！！！行政地位降级，终于连胶东的名字都被青岛抢走了，青岛胶东机场看到了没！！！青岛胶东机场看到了没！！！你烟台的政府网站你还好意思叫胶东在线么！！！再这么下去下一步就要被青岛给并了！
0.08944272,6520857369,回复@釋廣拙:你的名字真心符合你的智商！笨拙！谁用自己的教要粉碎他宗教？是谁？是二贤团伙！擦干你的眼屎再来看！
0.08944272,1818624733,回复@William-白萝卜糕:这样的吗 William粉丝大多数是工作党？
0.08944272,1406522597,​​​​//@神算子哈里谢顿 :[汗]//@广州城堡堡主 :孩子们出国留学以后越来越麻烦了[允悲]//@g-_stone :昨天刚说中国科技交流可能会被外国从政府到民间集体封杀，今天就变现实了。政府关注的是知识产权，民间关注的是名誉风险。这就是胡来的代价
0.08944272,1286196463,​​​​[doge]//@诶神AAkami: //@战争史研究WHS:总之骂男性就可以了（原图作者是女的）//@挖円城寺泽:难以理解你们一边主张“女性可以做任何想做的动作，穿任何想穿的衣服，而不应该被指责”，一边转身指责这幅女性创作的衣服并不少动作并不露骨的作品
0.08944272,2972875000,​​​​将吸猫当作精神鸦片并且强行和犬儒捆绑，大方向就错了。吸猫是一种信仰，对超越利益和欲望的纯粹美好事物的信仰，这是摆脱（当代意义）的犬儒的第一步。喵的一声，整个世界豁然开朗。//@第四届坚持唯物辩证法: 微博正文无疑是标题党，但看视频里的正文能嗅到一点“猫儒”的味道？
0.08944272,1167257004,​​​​对于新技术，总体而言我还是觉得宜疏不宜堵，尽快从伦理和立法上完善，另一方面上需要解决现在生物行业血汗啊工厂的现状，使广大生物砖狗得到足够的&quot;获得感&quot;。不然政权稳定的国家是监管住了，没人乱搞黑科技，但中东地区中南美洲等无政府或者小政府的地方怎么办?墨西哥连毒品都禁不住，焉知黑帮大佬不 ​​​​​
0.08944272,3647866670,​​​​//@明天---今天---昨天2018:战争与革命中的西南联大【台版】：http://t.cn/ELSJ7pi
0.08944272,6719288151,​​​​围观了一下超话和老粉，骂剧情节奏铺呈的不少，希望编剧能看进去。至于一边爱角色爱的zqsg一边冲官方撕角色番位的，您之前是不是帮爱豆撕经纪公司撕多了哈哈哈，既然端碗吃饭吃得这么香对烧饭的娘咋不客气点阿233 还有骂传承主题是主旋律党课的，我的妈您是战狼PTSD么。那个谁，写乡村教师的刘姓男子， ​​​​​
0.08944272,5510601502,​​​​………//@惢___:？？？？//@lswhappy:疯了，如果政府确认有支持这个项目，那中国在全球学术界的形象可真是彻底洗不干净了，最基本的人伦问题啊//@草Grass草:一个都别想跑！
0.08944272,2255602892,​​​​//@Tu6_若卡:肃然起敬//@刹那之后:[喵喵]//@纯洁善良潘帕斯:可怕的民进党
0.08944272,5851059451,天朝花滑啥都缺，就是不缺智障观众叭[摊手]
0.08944272,2652590891,​​​​熟悉的餐厅，前几年图书馆还在建设中，我们在科研楼备考，也是学到11点左右回去，早上6点多到教室，挺感谢学校为学生提供了最大方便，难道现在学校没有给考研党开放教室吗？希望学校给考研党提供好的学习环境@河南财经政法大学 @河南财经政法大学新区 @河南财经政法大学图书馆 @后勤直通车
0.08944272,1973009074,​​​​//@不要觉得自己很特殊: 嗯，我不以肤色和性别看人，我的政府必须有1／5是黑人，1／5是白人，1／5是亚裔，1／5是穆斯林，1／5是印第安人。其中1／5是女性，1／5是双性，1／5是第三以上性别，1／5是同性恋，1／5是异性恋，1／5是双性恋，1／5是跨物种恋。这不叫以肤色看人这不叫以性别看人这叫多元化！
0.08944272,1062171644,​​​​//@战争史研究WHS:确实感人[允悲][允悲]按那人“复原上古音”的方法去读“school”，估计会读成“斯哧沤沤勒”[允悲][允悲]//@韩今谅:这个我隔段时间就要拿出来听一下 怎么这么感人
0.08944272,1601134657,回复@樱桃树开樱桃花:老的存量房的钱，档锅没赚到的，北京的好多房子早年五千-八千一平方米，现在升值到八万到十五万，这个升值部分，档锅没拿到的，在地产党手里。所以档锅想征房地产税。
0.08944272,1601134657,很多人觉得我搞金融，想乱来就乱来，赚灰色利润；我开工厂，想污染环境，就污染环境；我做官，我想贪污就贪污……政府不管，还协助放任，那才是好时代。什么政府觉得金融界乱搞，要穿透式监管；大力抓环保，我污染就不让我生产了；还反腐败，不让贪污了……天呐，大家都来看，暴政，暴政啊！
0.08944272,1592933067,​​​​//@科普君XueShu: 钻石将来的命运跟铝一样[允悲]//@战争史研究WHS:科技研发负责解决0到1，中国企业负责解决1到1000000[笑cry][笑cry][笑cry]//@27岁之后:总感觉，中国企业所到之处寸草不生[笑cry][笑cry][笑cry]
0.08944272,1601134657,回复@7711-2016:你合法财富的话，你担心什么，2012年以来的政府剥夺你什么合法财富了。上证据，我可以微博帮你转帖鸣冤。没有不要乱造舆论，人云亦云。
0.08944272,1347737525,​​​​台湾年轻人如果没经过卫国战争，他们会以为白左那一套是最高档最进步的政治追求，从而极大地降低自己成为东亚以色列的可能。我现在打开FB，全是和我年纪相仿的独派的哭嚎，跟川普当选后的美国大学生有点像。作为一个独派天天追求修改神圣婚姻的定义真是太悲哀了。 ​​​​​
0.08944272,5628485367,​​​​我的本命cp都是极端洁癖不拆不逆，邪路就随便了……但是一旦邪路转本命我就开始疯狂嫌弃之前吃混乱cp的自己[允悲]//@-西洛洛-:看电影我就这样[赞]//@鵲行貌:是本人//@马猴梅子酒: 杂食党从来不愁没粮//@御茶铃小路 :混乱邪恶一通胡吃海塞（被爆破 //@神坑-我时田终夜又回来了
0.08944272,6834078296,​​​​莆田系医院的伦理审查能笑一年了。只能说，监管太放纵。//@战争史研究WHS:[吃瓜][吃瓜] http://t.cn/ELc2BgQ
0.08944272,1601134657,​​​​政府怎么能环保一刀切，要求污染企业全部关停并转，这是打击企业家，侵犯人家用自己的资本赚钱的权利，这是恶政；买房的人不能忍住污染，坚持呼吸，要限制穷人在这些企业用命换报酬的可能性，降低经济动力，这些业主好恶，何不食肉糜。[摊手]
0.08944272,5527504983,​​​​我真的相信韩国瑜能搞好高雄的经济，打造全台首富。因为他的思路和理念真的太像共产党了...全心全意为人民服务，管他黑猫白猫抓着老鼠就是好猫。更不用说官员住贫困民众家里，这和现在我党号召的的脱贫攻坚战有啥区别。他真的更像个共产党人，或者说，纯粹的共产党人和纯粹的国民党人就是一种人。
0.08944272,6539157215,天呐我们莱阳不理劳迪去跟小T玩了，本铁血劳斯莱斯党流lui[泪]
0.08944272,3179609823,​​​​今日不婚教育（1/1）//@Der_Untergang_://@战争史研究WHS:照这么说，@成华法院 应当拿钢筋焊个猪笼，女的来起诉离婚，一律装猪笼沉塘[吃瓜][吃瓜]（男的要休妻没问题，夫为妻纲，传统道德嘛）//@-马前卒-:果然，是复兴传统文化。过去说吃人的旧社会，现在见到复辟了吧
0.08944272,1584317771,​​​​14天原则的基准是：1、14天是产生孪生子的最后期限，即胚胎个体化的分界线；2、这一阶段神经系统的构建细胞还没有分化出来；3、在受孕的这个阶段是可能发生胚胎的自然消亡的；4、在着床过程完成之前，胚胎没有进一步发育的潜能。设定这个时间点是是为了避免产生扼杀人类个体的伦理争议，根本跟宗教无关
0.08944272,6704130791,​​​​//@喵悅青年:還有你的手機號碼[doge]//@复杂快思春:嘿。//@MezilkreeSaedmara :今天听到NPR称（http://t.cn/ELSOUU9），google这个蜻蜓机会，不仅能限制你搜索什么 （比如，天安门、诺贝尔），而且中国政府可以得到你的搜索历史。
0.08944272,3836886215,回复@饭的cp太多:哈哈哈哈哈哈哈那这个视频是大房二房的战争
0.08944272,2703572323,​​​​//@战争史研究WHS: 一对老冤家[吃瓜][吃瓜]
0.08944272,6330550433,​​​​献血的时候突然想到 血液这个产品市场特别tricky，在庞大的医疗体系中没有价格机制调配，政府强大控制但仍然解决不了各地缺血的问题，黑市交易也并不少见。实在是一个特殊而合理性不明的分配方式。 码一下有机会更深入看一看[微风] ​​​​​
0.08944272,5715118860,​​​​年轻的港灿真傻b，我只是烦政党，但是我不烦国家 mmp我站台湾，真恶心。 hk和uk的msc都明摆着圈钱…………………… ucl的计算机都是给从来没学过计算机的人开的！？？ ​​​​​
0.08944272,1216919961,​​​​一位在国内当过公务员后来辞职去欧洲大学读研究生的朋友，辗转到了瑞典政府部门任职。在瑞典工作，她最感怀的一件事情是：所有政府文件都必须经过专门语言公司反复润色才可以公开发布，目的是确保任何人对政府公文理解完全一致，确保没有人会因为“语言问题”产生歧义。事实与怀疑（00）
0.08944272,2703572323,​​​​区别在于是否参政吧//@殆知阁2: //@王夔石://@肥菴:不是说无党派人事得经过认证吗？郎平可能没认证吧//@我是风啊1888_80g :重心不一样
0.08944272,2267358144,​​​​党指挥枪么？[doge]
0.08944272,5512871994,//@陆弃:我去台湾了解到，不仅仅是公立医院，台湾人在私立医院看病也只用付挂号费，免费医疗全覆盖，包括农民。//@河床兄弟:免费医疗的开始，就是公立医院服务水平大倒退的开始。因为政府医疗费用紧张，一定会克扣医生工资收入，这种状况下因为留不住好医生.
0.08944272,1167257004,​​​​对于新技术，总体而言我还是觉得宜疏不宜堵，尽快从伦理和立法上完善，另一方面上需要解决现在生物行业血汗工厂的现状，使广大生物砖狗得到足够的&quot;获得感&quot;。不然政权稳定的国家是监啊管住了，没人敢乱搞黑科技，但中东地区中南美洲等无政府或者小政府的地方怎么办?墨西哥连毒品都禁不住，焉知黑帮大佬 ​​​​​
0.08944272,2289440601,​​​​#易烊千玺手机屏保#给大家安排上！为什么没有读书党们的！ ​​​​​
0.08944272,3659156911,​​​​秘密战争还行？？？？？？？？？？？？？？？？？？？？
0.08944272,1086106691,​​​​我看到秘密战争在罗素嘴里说出来真是心里一紧（为什么我又想真的能拍的话罗素也没有关系了？？？？）（算了还是有关系，嫑罗素）
0.08944272,3096673343,​​​​其实巴黎示威游行打出图一这种旗子一点也不奇怪，因为二战后殖民地解放运动中，马列主义和毛主义就已经是殖民地人民反抗压迫者最强有力的武器，其中毛主义更是创造了落后地区向发达地区进行文化与意识形态输出的奇迹。而法国因为阿尔及利亚战争的失利，导致在60年代初期，近一百万在阿居住的法国殖民者 ​​​​​
0.08944272,1970602917,​​​​按这个速度我可能不用几天就会把哥哥的剧和电影全看完......战争与和平我记得以前看过半集 居然对他完全没印象[疑问] ​​​​​
0.08944272,2157012623,​​​​//@LoneSchicksal://@胖胖Leon:想想当年的激流中国. 皇军观察我们的角度还是很细致的.//@八大山债人://@响马:这比政府的宣传片带劲多了.
0.08944272,1468313265,​​​​跪舔党在行动...[允悲]//@师伟微博: 默克尔无心钓鱼，慕洋犬有意上钩
0.08944272,1468313265,​​​​//@来去之间: //@梅新育: 今年的中美贸易战极大地刺激了中国进口替代型高新技术产品的投资与生产，但有关企业和地方政府需要明白，贸易战带来的这个时间窗口是有限的，不可能无限期延伸，务必抓紧时机，快马加鞭，尽快赶在时间窗口关闭之前投产，抢占市场先机。
0.08944272,1280769960,回复@Sunsun4641:研究一些政府档案的话，就知道很多重大决策其实都是他们拍脑瓜做出来的。他们还真不懂。
0.08944272,6671230542,​​​​//@王志安:今天可以让工作室补税，明天就可以让民营企业补交过去十年的社保，后天，就可以让每个普通人补交过去五十年的房产税。。。。政府不遵守契约，所谓普通人的产权和财富就是泡沫，随时都可以破灭。这就是看客们的悲哀，他们在看到艺人们被押上法场时，并不知道下一个轮到的就是自己。
0.08944272,2525279541,经济学，快成为宗教了，要尊重的是现实社会，经济学理论不是物理定律，物理定律指导着世界运行，提出一个可供观测的现象不好吗？当现实与理论不符合的时候应该考虑的是修正理论，而不是：你的世界是奇葩[哈哈]
0.08944272,6325960519,​​​​而正是怀疑这种给人带来不安全感的东西，导致人们寻求唯一确定的东西，那就是虚无。除了相信虚无，也许少部分人在刚开始会找回宗教。除了虚无和宗教，未来人类别无选择。而在后期，只有虚无。到了那个时代，人类恐怕会重新考虑自己存在的意义，甚至可以这样说，他们会重新决定人类应该如何存在，或者是 ​​​​​
0.08944272,3198607815,​​​​震中位置在阿留申群岛的延长线上，也是太平洋板块发生俯冲的地带，这里地震比较活跃，就像日本一样。因此美国政府也应该像日本政府那样提高当地的抗震能力啊。毕竟40千米的震源深度也不算是太浅，这么巨大的损失起码应该可以减少很多的。
0.08944272,1973009074,​​​​//@战争史研究WHS: 你去超市买了打折鸡蛋，一块钱一斤。过几天超市打电话叫你按照八块一斤、每天一斤的价格来补交前三年的鸡蛋钱差额，要不就报警抓你。你不交？那你买打折蛋=偷超市的钱还有理了？//@老铜人儿:偷漏税还有契约？//@豆豆豆豆豆豆豆牛:典型没有契约精神
0.08944272,1973009074,​​​​//@不要觉得自己很特殊: 这些好人强壮的人不会去抢劫布什老爷的豪宅不会去强奸布什老爷的闺女，只会糟蹋普通老百姓。美国的精英早就在腐败的全球主义下堕落成弱智的既得利益集团，与人民利益背道而驰还妄图操纵人民意志控制人民行为。这些共和党利益集团20年前就应该从政坛退下，他们愧对自己的选民
0.08944272,1601134657,​​​​确实不是对娱乐圈搞特殊，体制内好多年了，一直在要求追缴党费，退奖金、补贴、加班费这些的。有的地方还降薪，我听好多客户抱怨过。//@蔡一玛://@低调的努力前行://@宝少:目瞪口呆( •̅_•̅ ) //@毛十八：这么一说确实……补社保补党费……没想到还有退回加班费这种操作……
0.08944272,1601134657,确实不是对娱乐圈搞特殊，体制内好多年了，一直在要求追缴党费，退奖金、补贴、加班费这些的。有的地方还降薪，我听好多客户抱怨过。//@蔡一玛://@低调的努力前行://@宝少:目瞪口呆( •̅_•̅ ) //@毛十八：这么一说确实……补社保补党费……没想到还有退回加班费这种操作……
0.08944272,1935329541,如果地方政府说了是优惠政策，而国家要求“补税”，那么对于受影响的人和企业来说，这就是非常标准的钓鱼啊.... 以前有过钓鱼执法，现在还要来个钓鱼施政了？
0.08944272,1935329541,​​​​如果地方政府说了是优惠政策，而国家要求“补税”，那么对于受影响的人和企业来说，这就是非常标准的钓鱼啊.... 以前有过钓鱼执法，现在还要来个钓鱼施政了？//@来去之间:个人工作室都得补税吧？
0.08944272,6089376082,​​​​本竹马党哭了[泪] http://t.cn/ELnstl0
0.08944272,1801822267,克里米亚战争已收，那么什么时候看呢
0.08944272,2216316125,​​​​//@pkuwd: 虽然文章老，逻辑却是一直适用的。土地财政是地方政府获得建设资金必需的信用途径，难言退出。但之前的土地财政是通过土地补贴企业，未来会转向通过保障房的形式，以土地补贴居民。背后的逻辑是一致的，补贴创造税源的短板。
0.08944272,1801155927,@呼唤鹏鹏  是我见过经历最可怜的孩子，长期被虐打，不给吃饭睡觉，最终被打成颅脑75%损伤、双目失明、全身瘫痪的植物人，只要善良的人都会被深深的虐到，求政府关注，求群众资助，我们一起把孩子从地狱拉回人间，严惩孙小倩，孙小倩死刑！
0.08944272,2840622434,对外只能一中，两岸间可以各表；各表只是口头的，书面必须明确一中；反正这样台湾就别想试图以独立国家参与国际事务了，加之长久的经济文化融合，统一是迟早的事儿。在此之前，对国民党的要求：恢复课纲中国史教育，确立统一的大方向。
0.08944272,1096120081,​​​​//@战争史研究WHS:按照沙漠贝督因的传统三观——“我暗算我的兄弟；我和我兄弟一起暗算我堂兄弟；我和我堂兄弟一起暗算部落里其他人；我和部落里其他人一起暗算外人”，骆驼王室的这点内斗其实也没什么新鲜内容[允悲][允悲]
0.08944272,1681642520,​​​​大大大小松鼠：打日本女人，这就是我们夫仔太单纯了！要打就打中国女人，特别是他的脑残女粉。不仅不用坐牢，女粉还会感恩戴德的请你打重一点！打日本女人要犯法坐牢，多不划算啊。在天朝不仅不会判刑，很有可能还会送面锦旗给你，题字：阳光大男孩到铁拳战狼的成长蜕变！！[doge][doge][doge]
0.08944272,5265145424,​​​​转到我首页 点开发现转发量35k 天朝现在对饭圈的态度真是很好奇了 但这个内容画风&amp;头太疼了 有点看不下去…  比如这段就呃呃呃呃呃 在你国“造神”不可能没有前途 而且造神与弑神的力量是持续互动的 有些粉丝弑神又不是真的想看普通人 高高在上去研究or追个几十天肯定体验数据不足啊 建议加范围限定词  ​​​​​
0.08944272,1826220681,​​​​哈哈哈哈哈哈哈哈哈哈哈哈哈哈哈哈哈哈哈哈哈哈哈哈哈哈哈哈哈//@太皇太后您有喜啦:哈哈哈哈哈哈哈哈哈哈//@江南大野花:警钟长鸣//@颜文字君:明白了∠( ᐛ 」∠)＿//@战争史研究WHS:反例则是这样 http://t.cn/ELRf86W //@柳拂眉间黛色:是时候放出这张照片了[并不简单] http://t.cn/ELRtSlt
0.08944272,1726526900,​​​​最初新华社那篇“可加工22纳米芯片”的新闻就有标题党误导之嫌，里面关键的一句是“为超材料/超表面、第三代光学器件、广义芯片等变革性领域的跨越式发展提供了制造工具”。超材料、新一代光子器件、“广义”芯片这些与IC制造无关的术语，了解相关学术领域的人都知道全是浮夸灌水制造噱头的重灾区。
0.08944272,6346402426,回复@微量操作别说话:哈哈现在宗教都还蛮实用，我之前因为觉得好多世俗问题宗教的观念挺保守，和信教同学聊了一下发现其实没那么多条条框框。我这种不信的容易在那些保守问题上钻牛角尖哈哈
0.08944272,1771400083,​​​​强行上架中，半学期过后的我政府报告、城市规划、上市、社会科学……统统不怕 ​​​​​
0.08944272,6725088830,​​​​//@四寵之家: 主要是中國一點點抗議或者只是活動，政府就能搞得所有人雞飛狗跳，以為人家也如此//@叶子的体重记录BOT://@穗村有里 :有没有人能告诉我一下，巴黎到底断网了没有？//@永远鲜红幼月mk3 :墙真好，能让全国人活在梦里//@雪月花KazuyaNeo : //@安提戈涅_WhiteBlade :毕竟是法国人的传统。。
0.08944272,6426188282,​​​​【嗑迪勒拉山系】图片/视频合集 （其实不是新站子，站内成员都是学生党，比较佛，日常没空没钱，每次发图片都加“嗑迪勒拉山系”的水印，今天索性建了一个野站子嘿嘿） 2018.4.9 哈萨克斯坦✈北京 http://t.cn/RmIKYJH http://t.cn/EyxNSn0 2018.5.20 深圳✈北京 http://t.cn/R3kJB9D  ​​​​​
0.08944272,1502169164,​​​​//@性感玉米: 另外，我和原博没人说偷税漏税啊，你脑补你妈呢//@性感玉米:回复@做梦都想去台北:您好，这么爱国为啥要去鄂尔多斯注册公司呢？为了啥//@做梦都想去台北:当时吴京的公司享受五减五免优惠政策，现在当地政府开始加收税费，这叫补税，不是偷税漏税，谣言止于智者，请别带节奏//@性感玉米
0.08944272,5631513000,​​​​【Frantz 弗兰兹】  @卉娘不叫卉凉 @姜梨果汁 @北大陈旭光  导演：François Ozon 年份：2016  我一直觉得法国电影和日本电影带有一种独特的、迷人的味道，是其他国家模仿不来的腔调，平淡而不平庸，精致而不做作。在这部电影中，故事好像流水，沉淀的是对战争、原谅、生死、谎言的深沉思考。全片黑白的 ​​​​​
0.08944272,5493600281,回复@月影飞鸭:同意。附议一句，我国国民很少在与政府具体的行政问题冲突中拓展议题，我看这对于解决问题是很有效率的。但网民显然缺乏这种精神，很容易就扩大对立面，爆发尖锐社会矛盾，我看我就是其中之一吧qaq
0.08944272,6302223371,今年还会有新剧情吗[允悲]……剧情党等得太艰难了[跪了]
0.08944272,2634742731,但没办法完全赞同这个片子的视角，只能说它还是片面了一些。毕竟那些所谓的“黑心药物公司”，投入海量成本开发药物，如果各个都廉价甩卖，政府不投入研发，却在卖钱的市场阶段进行控制，最终导致的结果就是医药行业无以为继，疾病面前一律平等大家都等死，生命本来就是昂贵的，代价超乎人们的想象。
0.08944272,6562492971,​​​​//@战争史研究WHS: 其实爱泼斯坦的名字就是“以色列”的意思。但90年代以前中国拒绝正面宣传以色列，所以人名也翻译成了“伊斯雷尔”[允悲][允悲]//@新疆兵团老王://@金陵上空的鹰 :转发微博
0.08944272,2702905581,​​​​确实，看了这些电影，可以难过半个月😢//@Twiiilight:谢谢学姐的推荐！我先看点儿阳光的缓缓…[悲伤][悲伤]//@姜梨果汁:可以找来潘神的迷宫，铁皮鼓看看，儿童视角下的战争[悲伤]
0.08944272,1193239724,​​​​这篇文章写得挺好！ 现阶段与司法独立完全无关！ “检方”司法部等机构都是政府部门。 从历史视角来研究也很有说服力，到底有多少违规企业高管受到了刑事制裁？另外，说构成欺诈国际银行，也非常非常间接与牵强！
0.08944272,6053565169,​​​​希波战争以前鸭淀说到伊奥尼亚十二城就极为嫌弃，不想和他们扯上任何关系，尤其是米利都，特么虽然在其他以奢侈软弱出名的弟妹城邦里你已经算好的了但你居然和锡巴里斯那种堕落的城市打炮是想怎样，还养着一群智术师 希波战争以后的鸭淀：我是你哥！听我的！我都帮了你忙了 ​​​​​
0.08944272,1601134657,经常有新闻，美国的投行，如摩根大通，在中国开展工作，录用中国的二代做项目，美国那边认为是利益输送，然后对投行美国本部罚款，但是对中国的二代并没有惩处措施。就是因为中国政府一般是不承认这个《反海外腐败法案》对中国公民的管辖权的，所以老美只能惩处本国的人员和机构，不能奈中国二代如何。
0.08944272,2203278491,​​​​所以我今天才知道顾城杀妻[费解]查完相关感觉是个精神疾病患者[费解]//@殆知阁2: //@亡鸦讣牢: 顾城……//@战争史研究WHS: 没错//@边境计划firefly:转发微博
0.08944272,5732816007,​​​​做pre同学的PPT自带bgm，听了几分钟甚至有点想皈依什么宗教 ​​​​​
0.08944272,1601134657,我不是法律专家，我也不知道中国政府这个做法是不是一定合现代司法潮流，但我了解的情况是：中国政府一直是这个心态和做派。到孟晚舟这个身份和级别，加拿大的做法，在中国政府看来，明显觉得国体受辱。
0.08944272,5517022510,​​​​KRUIZ(КруиЗ) - Possessed，前苏联的一支Speed/Thrash乐队，这支乐队成立很早，78年就成立了，不过当时是一支纯摇滚乐队，在84年迫于政府的压力被迫解散，又在85年重组，此时的乐队已经变成了一支速度金属乐队，乐队最著名的专辑莫过于88年的那张封面是五角星的同名专辑“Kruiz”，这张专辑非常非 ​​​​​
0.08944272,5167455152,​​​​中国政府，营救孟晚舟的一个有效的办法，就是马上抓扣在华的加拿大独资公司的高管，不放人，就长期扣押！ ​​​​​
0.08944272,5834869527,​​​​那个改到第四版还没看志里周瑜传的雷剧预备役，居然还有yu粉在编剧（虽说真写的不是这位）po底下安利建安十五年这种垃圾辣菜玩意？？？ 有扭三这种遗毒在，还嫌SB阴谋论不够多吗？ 悉委武卫于周瑜的孙权被那篇SB黑成“打合肥从周瑜手下调兵”，作者的脑子显然对古代战争和古代地理的基本常识缺乏了解。 ​​​​​
0.08944272,6775434271,​​​​回复:呵呵呵！请贤佳法师开示！//@太奇怪了，国家政府能保护贤佳，却保护不了贤启，这是什么理论？
0.08944272,6775434271,​​​​//@众志成诚123小号:他究竟要要规避什么安全风险？对这么一个正义举报人士回国，国家得多隆重的保护他呀？难不成做了亏心事？​​​​//@冤冤相报到何时: 回复:呵呵呵！请贤佳法师开示！//@太奇怪了，国家政府能保护贤佳，却保护不了贤启，这是什么理论？
0.08944272,6775434271,回复@云寂微:政府当然很智慧，所以一举封掉了梦中的号，而没有封其它师兄的号。哈哈！
0.08944272,1881255503,​​​​只是喜欢这个记者~~有生之年，我天朝上国……可能还需要几个世纪
0.08944272,6769724413,给大家一个参考：泉州市政府通报碳九实际泄漏量69.1吨  相关企业订立攻守同盟瞒报数量
0.08944272,1936240134,回复@网友小昭:哈哈哈哈哈当时的学生党都天天蹲看贴吧，就一天天盼望赶快上大学能去看一场演唱会。后来我大一暑假的时候就真的去到啦哈哈哈!!!现在每年都不会缺席~~每一位追星姐妹能漂洋过来看看心爱的人都不容易，祝小昭老师追星之路天天开心，能常去看哥哥弟弟啦嘻嘻[羞嗒嗒][羞嗒嗒]
0.08944272,5701590096,​​​​再次确认了我本人就是肤浅的看脸党了[摊手] ​​​​​
0.08944272,6605508099,关于您对饭圈组织的解读，我看到过一篇追星人士本身写的更为贴切的形容，可惜她已自删，粉圈组织都被她用宗教模式成功对比。更高尚的目标义务真的可以类比追星的目标吗[允悲][允悲][允悲]
0.08944272,6273088104,​​​​[喵喵][喵喵][喵喵]//@霜叶:我认为第一种宗教性的才是主流，国内各种粉圈的行动更具有宗教特点。这也是上面注意到并开始警惕的原因。容易被有心人操纵
0.08944272,5324636678,​​​​天朝对完美受害者的崇奉是不存在任何法治观念的//@吱呦最近好吗:到底等什么真相呢？家暴男是替别人顶包的？女人那一脸的伤是自己往墙上撞的？他打人了，他承认了，判了刑就老老实实在里面蹲着，出来愿意重新做人还是变本加厉都是他自己的事，哪来这么多zqsg，我看着都累
0.08944272,6593080500,回复@可终究是意难平:红卫兵…真的你说的太形象了。截图里的那群人可不就是这么干的吗？党同伐异扣帽子。不过你既然说他们滚了改了，如果不再搞借尸还魂什么的，那也确实没什么好深究的了，没什么意思。现在我就等小陈总办公室的说法了。
0.08944272,1469842952,​​​​@VNOUNP_小呆啊 @嗷嗷哦嗷嗷哦嗷嗷嗷噢噢噢 @羊与花的战争
0.08944272,3968770930,​​​​宝贝你很棒啦 下线休息吧啵啵@木子洋KWIN //@木子洋KWIN:这是一场来自太空中的战争🔥
0.08944272,1582529114,​​​​这件事对未来政府决策的影响是深远的，以后大到核电、px、石化，小到变电站、热力站、化粪池都会成为众矢之的。如何有效管理和重建公众信任任重而道远。看看对岸，其实还是有一点羡慕的，再怎么幼稚，起码核电等事情公众还是有一点决策权，一味地隐藏、抹黑失信是迟早的吧。
0.08944272,2964307662,​​​​关了评论吧，江总[笑而不语]//@江卓尔_莱比特矿池:这逻辑水平也太low了吧，和Core党一个水平，Core党喜欢喷BCH有EDA所以容易分裂，说得好像BTC没有EDA，有哪个BTC分叉币因为难度高死掉了一样。都要改规则分叉了，还不能随便改个难度调整算法？[笑而不语]
0.08944272,6364800335,​​​​肥牛 土豆 蔬菜拼盘我好了//@战争史研究WHS:羊肉，白菜，冻豆腐
0.08944272,3259025854,​​​​作为一个资深裤子党，对高筒靴和短裙跃跃欲试。还没下单，我已经预感到它们被买回来扔进衣柜窖藏起来的命运了。 好好学习，不要乱花钱。 人生还有很多有意义的事情。 不能总是跟淘宝过不去。 ​​​​​
0.08944272,1055809202,​​​​//@泗水流鱼://@北国佳人李春姬:撕裂//@一点茄子酱://@M大王叫我来巡山:不要再有战争了//@丨大姨太丨://@就是一颗糖呀://@非著名半导体网黄瓜://@阿葱:想转给首页。//@荷兰豆养殖专家: 我们活在同个世界//@好烦哦不想改名字:大太阳下暴起鸡皮疙瘩
0.08944272,5474578065,​​​​哈哈哈哈哈哈哈党员们太可爱了
0.08944272,6347851608,回复@复兴33588:党中央根本没有“中央理论研究室”这个单位，是你替我党成立的吧？
0.08944272,1916966375,​​​​Russia Today真的不错，法国版的主持人和嘉宾都拿得出手，似乎如今法国各色人等都不介意它的俄国背景了，虽然马咳隆政府还歧视它。CCTV真差好远。 ​​​​​
0.08944272,5610294023,​​​​失眠睡不着，最近一连串乱七八糟的事发生得有点多。 刚才偷看了三六阿姨的空间，发现小姐姐没有驴我，她确实跟id一样已经三十六岁了，站在雪地里笑起来真好看，像个小太阳。 由此想到去年某个深夜的黑戈壁带着我做矿车日常的大佬，“我只喜欢一个毒姐”，师父还曾经给我开嘲讽脸科普大佬对白富美时差党 ​​​​​
0.08944272,6520857369,对内，二贤将学诚法师及其“龙泉系”与达赖喇嘛捆绑，挑动内地民众抵制藏传佛教的情绪，撺掇政府解散龙泉体系、对藏传佛教下手打压。 对外，又刻意避开海外社会对达赖喇嘛的同情，绝口不提所谓的“龙泉系师承达赖”，而是攀附海外反华势力，引导国际社会批评中国政府打压藏传佛教……
0.08944272,2298051321,​​​​//@ZODGAME官博娘四号机:环球时报拿美国举例子我简直爆笑，美国高院在Miller v. California（“故意传播淫秽物品罪”案）已经说的很清楚了，“政府以社会利益的名义控制个人的道德思想内容，完全与第一修正案内容背道而驰”。//@九酱子太胖了: //@三转树: //@接客霜精://@百済木黒://@-愚也- ://
0.08944272,2101218125,​​​​脑抽了应该是五年前//@小废渣渣 :把福岛核电站变成旅游景区，也是七年东浩纪牵头做的一本企划。书一出版，就被日本民众群起攻之，投过稿的开沼博还中途倒戈。没想到……我对这个企划的看法是他得到了鲍德里亚“海湾战争没有发生过”的真传，一切都是在象征交换中流动的。现在…………不禁让人觉得，日
0.08944272,5173753273,​​​​下午写了三小时李超平老师的组织行为学试卷，写了差不多七小页，晚上手写吴春波老师的作业，又写了差不多七页[二哈]明天还要手抄党员活动手册，不过应该会稍微轻松一些吧😆 ​​​​​
0.08944272,5519370804,周二上课老师问你觉不觉得自己是个可有可无的人 我觉得没什么可反驳的啊 而且无论是他讲战争讲牺牲讲伦理我都是悲观的那个 到底什么叫weird呢
0.08944272,1617045791,​​​​赶快入党吧//@中国球迷俱乐部: http://t.cn/E2RWUWT  帕建国同志非常优秀[给力][给力][给力]
0.08944272,1711479641,​​​​【英国机构建议政府：强制谷歌、苹果分享地图数据】英国开放数据研究所（ODI）向政府建议，“应强制谷歌，苹果，优步等科技公司，与其竞争对手和公共部门共享地图数据”。ODI发布的报告指出，这种数据垄断阻碍了英国的创新。如果它们的数据实现了共享，像无人机交付服务和无人驾驶汽车等新科技都会受益 ​​​​​
0.08944272,2634742731,他不是对女性感到抱歉，也不是对自己的发言感到自责，是因为妇联对他批评帮助了，简单来说是屈服于政府。
0.08944272,5026147088,​​​​我真的很疑惑为什么不救火……@KmpsVas //@维稳先锋卡菊轮:回复@尘世行者_:看了看报表，全都资不抵债，巨额亏损，毕马威说的。[haha][笑而不语][haha]//@尘世行者_:加州为什么会没钱？那些高科技公司不都在加州吗？交的税呢？//@维稳先锋卡菊轮:加州政府干啥都不力。问就是没钱，再问就是破产。
0.08944272,2820155815,​​​​战争中的儿童视角特别动人，而这部电影的儿童视角不由导演建构，而由片中的父亲建构，尤显特别。
0.08944272,1850907421,政府不是鼓励个体经营么。
0.08944272,6028476498,​​​​教中国宗教史的老先生要每个同学找他单独聊天，谈谈自己的论文方向，与他谈过以后，老先生每天都给我发一些参考文献，借了我一本相当古早的印第安神话集。虽然我真的不会都看都读，但是他的这种传统教学方式让我深受感动。我觉得哲学系的培养计划仍然是一种精英教育，开设古典班，思社，都不过是在拣选 ​​​​​
0.08944272,3075672645,​​​​//@立顶Grace:这请愿书写出了晋商贷受害人的心声，如果有更多受害人带着请愿书找到各级政府及有关部门，我相信会引起政府的足够重视。P2P问题已不是一个晋商贷的问题，已成为全国性的金融灾难，这问题牵扯到上亿家庭，政府不会不管。我们受害人要为自己维权，要争取得到政府的保护。
0.08944272,1793145741,​​​​200元？//@抱团教教众-纸鱼子: 🤮//@_十阳问川_: 这大概就是保护我的敌人，痛击我的友军吧//@陈迪Winston: 肯定见义勇为的同时处罚200元[费解]//@我是愤怒的王小能:   http://t.cn/E2QpmSq    //@顾不厌://@神气飞天猪:不是说天朝是深夜放心撸串国吗？明白了，事主错就错在深夜去吃火锅了
0.08944272,1726877263,​​​​1985年只生一个好政府来养老，1995年只生一个好政府帮养老，2006年养老不能靠政府，2012年推迟退休好自己来养老，2015年一个难养老再生一个好。 ​​​​​
0.08944272,1973009074,​​​​//@1111asd_15534qwe：申请是人家的权利，批不批是联邦政府的权利 //@不要觉得自己很特殊: 美国是亚非拉人民的美国，不是美国人民的美国
0.08944272,1601134657,​​​​乐视要退市，海航出售核心业务资产，共享单车苦苦挣扎。 资本都有种错觉，认为投资可以不用赚钱，只要吹泡沫，泡沫足够大后，转手给接盘侠就行。 实际接受投资的机构要赚钱还帐的。 中国的政府也有种错觉，放水，按住物价，拉高房价，天下就太平了，实际这会导致经济系统崩塌。 何以解忧，唯有土改。 ​​​​​
0.08944272,2525279541,我靠，大陆人民强烈支持民进党啊！咋回事？
0.08944272,2634742731,​​​​mk上个月刚看完《战争中的西南联大》，最近对校史感兴趣//@猫叔Mack:转发微博
0.08944272,6750452239,​​​​#王俊凯[超话]# 19出国党/小螃蟹 妈粉  不毒唯 我崽的兄弟就是我的崽 希望三个小朋友都好好长大 希望自己能顺顺利利有书读 希望能在出国之前见你一面 ​​​​​
0.08944272,1888098730,​​​​[悲伤][泪]//@嗯爬:我常听教堂里的人讲：神啊请指我条明路，真的可以吗？我却只能看见鲜血在硝烟中凝固，和平是一堂课，教会我希望，光亮与善良，战争也是堂课，教会我饥荒，死亡与渴望。——《假如子弹换成糖果》
0.08944272,1923195555,回复@阿井_fjy:官方的样子和摆官威是一个概念？官方就该有官方的样子和不能摆官威哪里矛盾？双标在哪了？官方的样子是它代表着它背后的这个公司团队它每句话都要负责[微笑]政府还是官方呢，还得走服务型路线呢。官方身份赋予它的可不是想耍威风就耍威风反而是要更谨言慎行。
0.08944272,1167257004,​​​​对于新技术，总体而言我还是觉得宜疏不宜堵，尽快从伦理和立法上完善，另一方面上需要解决现在生物行业血汗工厂的现状，使广大生物砖狗得到足够的&quot;获得感&quot;。不然政啊权稳定的国家是监管住了，没人敢乱搞黑科技，但中东地区中南美洲等无政府或者小政府的地方怎么办?墨西哥连毒品都禁不住，焉知黑帮大佬 ​​​​​
0.08944272,1167257004,​​​​对于新技术，总体而言我还是觉得宜疏不宜堵，尽快从伦理和立法上完善，同时另一方面上需要解决现在生物行业血啊汗工厂的现状，使广大生物砖狗得到足够的&quot;获得感&quot;。不然政权稳定的国家是监管住了，没人敢乱搞黑科技，但中东地区中南美洲等无政府或者小政府的地方怎么办?墨西哥连毒品都禁不住，焉知黑帮 ​​​​​
0.08944272,1167257004,​​​​对于新技术，总体而言我还是觉得宜疏不宜堵，尽快从伦理和立法上完善，另一方面上需要解决现在生物行业血汗工厂的现状，使广大生物砖狗得到足够的&quot;获得感&quot;。不然政权稳定的国家是监管住了，没人敢乱搞黑科技，但中东地区中啊南美洲等无政府或者小政府的地方怎么办?墨西哥连毒品都禁不住，焉知黑帮大佬 ​​​​​
0.08944272,1167257004,​​​​对于新技术，总体而言我还是觉得宜疏不宜堵，尽快从伦理和立法上完善，同时另一方面上需要解决现在生物行业血汗工厂的现状，使广大生物砖狗得到足够的&quot;获啊得啊感&quot;。不然政权稳定的国家是监管住了，没人敢乱搞黑科技，但中东地区中南美洲等无政府或者小政府的地方怎么办?墨西哥连毒品都禁不住，焉知黑 ​​​​​
0.08944272,1167257004,​​​​对于新技术，总体而言我还是觉得宜疏不宜堵，尽快从伦理和立法上完善，另一方面上需要解决现在生物行业血汗工厂的现状，使广大生物砖狗得到足够的&quot;获得感&quot;。不然政权稳定的国家是监管住了，没人敢乱搞黑科技，但中啊东地区中南美洲等无政府或者小政府的地方怎么办?墨西哥连毒品都禁不住，焉知黑帮大佬 ​​​​​
0.08944272,1167257004,​​​​//@司铎_BNU：一个基金从业者的猜想角度.&quot;就像宗教的传播需要印刷术的支持，国内投资者的偏好也需要相关知识或观点的进入，基金公司加快了这一进程。&quot; http://t.cn/ELomVg1
0.08944272,1973009074,​​​​//@醉逸神风美女: 那政府干预岂不就顺理成章了？ 市场自发等于废了！ 纳粹主义不仅存在于gczy，而且存在于自由主义。gczy和自由主义本来就是一体两面，两者一同构成了彻底的唯物主义，一个彻底控制，一个彻底放纵，极致的反面就是彼此。 这是事实！ 彻底解决了我的愚蠢的看法，太好了！
0.08944272,1906683135,回复@老佛林特船长: 其实同时代的拜占庭编年史里对这场战争有更详细的记载，虽然国家是灭了，但史料还是流传下来的
0.08944272,2678462327,国民党在2106输掉大选？
0.08944272,2871005472,​​​​//@新京报:【@人民日报 ：福建泉港碳九实际泄漏量69.1吨[怒]】泉州市政府刚刚通报：①东港石化公司对外报告泄漏量为6.97吨。②管内物料存余量约32.4吨，没有计入泄漏量。③往储罐装裂解碳九物料时移花接木，少报29.7吨。④企业订立攻守同盟，恶意串通、伪造证据、瞒报数量。http://t.cn/EL4Xfyy
0.08944272,6053565169,应该也不是第一次了，利兰丁战争的时候八成见过……不过那时候的科林斯还很不一样，应该是个坏脾气的四处殖民的小女孩（但对僭主和贵族还是挺顺从的
0.08944272,3042489123,​​​​为了入党，我这积极分子真的拼了。但愿明中午第一个上去演讲能hold住老师同学。反正我对我普通话有点绝望。宣言莫变读成了鲜艳。[笑cry][笑cry][笑cry] http://t.cn/RjKcerL ​​​​​
0.08944272,2405271532,马云竟然是党员？
0.08944272,6360045270,​​​​@司法部  爸爸我已经准备好投身中国特色社会主义法制建设啦!!!我一定做身先士卒党的好先锋!!!践行中国特色社会主义核心价值观!做共产主义合格接班人!!!!求求爸爸给个鸡会???? http://t.cn/zQhKugu ​​​​​
0.08944272,6531583059,​​​​最近你帽艺人流行直播黑手党游戏吗[笑cry] 干脆组织一次黑手党团建吧 搞得我最近超想玩狼人杀[允悲]就是没空啊 ​​​​​
0.08944272,5231975780,​​​​一看党课的材料就犯困。中午翻了一会，然后躺了一个下午；现在看了几个字，感觉这个晚上也完了。。。 ​​​​​
0.08944272,6539157215,​​​​天呐我们莱阳不理劳迪去跟小T玩了，本铁血劳斯莱斯党流lui[泪]
0.08944272,2604349571,//@泛红山玉研究: 有一点是胡说：政府是不能拆人家的房子的。你以为你是谁啊。。[允悲][允悲][允悲]//@拜拜老师不了情: @泛红山玉研究 //@郑州小散户投资札记: 对房子分析，入木三分
0.08944272,2604349571,​​​​//@泛红山玉研究: 有一点是胡说：政府是不能拆人家的房子的。你以为你是谁啊。。[允悲][允悲][允悲]//@拜拜老师不了情: @泛红山玉研究 //@郑州小散户投资札记: 对房子分析，入木三分
0.08944272,1681971781,​​​​#负责任的旅行# 旅行前多读一关于西藏的读物，这将使你以更加包容和平等的态度去理解这片土地的历史、政治、宗教和民俗。在藏区旅行时注意禁忌，比如：不要带走玛尼石等宗教物品；不要用脚踩踏寺院的门槛；进寺院不可大声喧哗、抽烟或有其他不礼貌行为。以上内容选自Lonely Planet《西藏》IN指南，欢迎 ​​​​​
0.08944272,1601134657,​​​​资本可以通过掌控、影响舆论来控制社会，确实是的。 15-20年前，违法会被追溯原罪、非法所得是可能被追缴的，是社会常识。 现在这些显然不是常识了：污染企业被治理，无数人认为政府是恶政；非法利益阶层天天抱怨自己财产不安全。 然后无数基本生存都有问题的人，努力要帮这些阶层寻求“公义”。[允悲] ​​​​​
0.08944272,6615601600,​​​​#终将成为你[超话]#佐侑[超话]#  又到了嗑爆佐侑糖的时候！[并不简单] 侑侑壁咚佐伯前辈的戏码似乎是侑攻党的胜利—— 侑：「前辈也不过就这么高嘛！」 佐：「你倒是不要踮脚啊……」(￣Д￣;) by 透明@明亮的房间没有电 ​​​​​
0.08944272,1631354975,天朝防守太差了 只能四号位 巴西是打了个遍
0.08944272,1601134657,​​​​虽然这样的事情证明了面相的合理性，但我认为政府这样的行为是越权的，这不对。
0.08944272,6106275292,​​​​我虽然不是女权 但是天朝屌癌看着也太恶心了[吐][吐][吐] ​​​​​
0.08944272,1404306263,​​​​要看啥时候入的！特色期资本家入党、当两会代表早已是常态吧？
0.08944272,1404306263,要看啥时候入的！特色期资本家入党、当两会代表早已是常态吧？
0.08944272,2604349571,//@李连荣的微博: 执政党为何不敢免费医疗？
0.08944272,2933439985,​​​​就是//@我大钊先生9_9: 睡吧，我给你盯一会，最不开心的就是菜菜子辞党主席了。。。以后湾湾怎么继续破败下去[doge]
0.08944272,1973009074,​​​​//@君子剑岳不群:瞬间明白了为啥大量工业党和体制内科研人士不去钻研技术，不去研究学术，天天在新浪上刷微博证明现存体制的合理性//@猫咪呢朋W9S：[坏笑]
0.08944272,6562492971,​​​​为什么DPP惨败之后赖清德要辞职？号称MZ、ZY的台湾就是这么党政不分吗？！[吃瓜] ​​​​​
0.08944272,5293088386,​​​​事实证明没有最烂，只有更烂。两个党都有很大问题啊[哈哈][哈哈][哈哈]
0.08944272,1400819581,从长远看，我们的市长会不会由市民投票选举？书记们会不会由党员投票产生？
0.08944272,1400819581,​​​​从长远看，我们的市长会不会由市民投票选举？书记们会不会由党员投票产生？
0.08944272,1773284095,​​​​//@战争史研究WHS: 嗯，像北京那种粗瓷瓶的酸奶，60年代以前是没有的，最常消费的乳品是京式奶酪。60年代初北京市牛奶公司从青海请来师傅，才开始做那种粗灰瓷瓶酸奶，一罐一毛四，送一小包白糖//@柚子皮里的猫:那边的酸奶是真的好吃，之前去格尔木，一大碗酸奶，上面一层奶皮，比我家这边的要好吃好多
0.08944272,1662395500,国民党在大陆已经臭大街了
0.08944272,1601134657,回复@7711-2016:你不是企业主吗，现实中应该有朋友圈的，让你生活圈子里的人在人大啊政协上去争取这些事情，自己没有去试，没有对社会的进步尝试和努力过，光怪政府和社会没意思的。
0.08944272,1818587293,​​​​哎…… //@Agape_de_la_Mancha://@神算子哈里谢顿 :[汗]//@广州城堡堡主 :孩子们出国留学以后越来越麻烦了[允悲]//@g-_stone :昨天刚说中国科技交流可能会被外国从政府到民间集体封杀，今天就变现实了。政府关注的是知识产权，民间关注的是名誉风险。这就是胡来的代价
0.08944272,2511201963,​​​​//@徐晋如://@高渐离高歌:“这不是一顿饭的事，是尊重他人的宗教信仰，即使他是犯罪嫌疑人。”，好贴心//@艾迪森C:操他妈，光说人家意大利骂中国是屎国，人家没骂错啊！穆斯林强奸犯进牢房居然还尼玛跪舔，傻逼屎国
0.08944272,2875386060,再下一周是国社说第二篇读书报告 要看的宗教生活的基本形式有六百多页！
0.08944272,1768248870,​​​​//@陈如是说 :其实期限错配的难度也极大//@傅蔚冈 : 今天地方政府的债务和上世纪90年代国有企业债务不是一回事了，空间错配是地方债务问题真正难以解决的，除了要求劳动力自由流动，财政和金融分家，最终还需要调整国家区域发展战略，提高政府的投资效率。
0.08944272,3511365594,回复@mynameis璇璇:对啊可是往后也要一直第三名才行，心疼人民币玩家们的腰包，希望涨幅是海外党的贡献就好了，suju点进去全都是中文[摊手]
0.08944272,6631108031,可事实上群众的讨论起到的力量本来也不是很大，毕竟这个话题下争议很多，也并不是一边倒的反对。这事主要看学界的，主要是对科学伦理和目前同行审议、发文整套体系的冲击。再就看政府想不想管了。
0.08944272,1167257004,​​​​对于新技术，总体而言我还是觉得宜疏不宜堵，尽快从伦理和立法上完善，同时另一方面上需要解决现在生物行业血汗工厂的现状，使广大生物砖狗得到足够的&quot;获得感&quot;。不然政权稳啊定的国家是监管住了，没人敢乱搞黑科技，但中东地区中南美洲等无政府或者小政府的地方怎么办?墨西哥连毒品都禁不住，焉知黑帮 ​​​​​
0.08944272,6041504440,回复@偶尔在镜子里面:不敢多讲因为我还没学很多[允悲]不过把宗教看成有组织的连贯的实体明显是拿基督教体系做参考了，放到上个世纪都要被国内宗教研究嫌弃的…把追星解释成安慰剂和焦虑具现我都信了，一手宗教欺骗秀得我头晕
0.08944272,6041504440,emmmm这个宗教比喻（已经不能描述成研究了）怕是连门都没找到在哪
0.08944272,2604349571,​​​​//@大革文化命: 是啊，政府在国际上再多的申辩，抵不过这一次实验的恶劣影响。[怒]
0.08944272,2471490962,​​​​_(:3」∠)_！！！！！！！不熬夜党今早一起床就流下泪水
0.08944272,2203278491,​​​​而且同是东亚文化圈并不以女性权益出名//@八OOO :别国女性还说天朝女性强硬，弱势群体的强硬有用吗//@没钱娶不了布鲁斯 : 我保证，百分百是这种反应//@不用昵称的 :我有个脑洞：换过来，一个中国女孩，在中国，被外国人打了，会怎么样？…………“那么多本国好男人不找，跟老外混，活该，jian四声”
0.08944272,1973009074,​​​​//@黄章晋ster: 靠吃父母过活，或者还不能自己挣钱养活自己的人，即使年满二十岁，又有何理由参与公共事务决策？靠他人过活的人，必然会倾向于支持一切从别人口袋里拿钱、一切利于造就大政府，一切减少个体直接责任和义务的公共政策。罗马的灭亡，始于有投票权的公民无需承担保卫罗马的任务时。
0.08944272,6070227013,​​​​半夜吃了个粉圈战争的瓜。然后悲哀地发现，我这种不为爱豆花钱（除了最起码的[doge]，能不花就不花），喜欢白嫖且助人白嫖（共享精神万岁），从不产同人且懒得为他们写小论文……是不是早就该开除粉籍了。 但我的爱是假的吗？我自称粉丝出自虚伪吗？不！要是谁想从我口袋里掏钱，或者把我架上战场对撕 ​​​​​
0.08944272,5900049179,回复@天半露华浓:心理学与宗教？
0.08944272,1601134657,​​​​前段时间，我感觉很悲观，原因就在这里，当年的美国政府给全体中国人民留后路，而今天的美国政府一度考虑断绝中国人去美国留学的可能，对中国人民无差别打击。还好美国人民在中期选举中的表现是理性的，世界仍能和平。
0.08944272,5407912527,对对，巫女，宗教性十足
0.08944272,1404306263,​​​​当初上海开发区一个劲动员我去开工作室，税收优惠政策文件都发我邮箱了，幸亏没去。我主要怕麻烦，而且反正一律签税后！//@汪海林:要相信政府是讲道理的//@用户6868573975:你们编剧很多发表文章如此反动令人震惊   还反到国家体制
0.08944272,1403113900,​​​​天人与阿修罗的故事【每日一课】  （六）阿修罗   阿修罗有三个分支，共三十三种不同的阿修罗。他们傲慢、残酷、好斗，经常战争和争吵，为自己的地盘经常同类相残。他们可以抬头看到三十三天。天人的生活福报圆满，天人想得到的一切都可以从如意树上得到。须弥山有八万由旬在海下，八万由旬在海上，海 ​​​​​
0.08944272,1973009074,​​​​//@巧克力榛子酱: 学者都要有人给经费的的。尤其是文科学者，本身不创造任何经济价值，那所谓研究就只能是拿钱替人说话。即使不拿自家政府的经费，也是以民间的名义拿别人家政府和商人的经费。这就是为什么所谓人文学者一定会走到屁民的反面的原因。//@南瓜V妈妈 :政治学权威从来都没站在屁民的立场上
0.08944272,6070227013,​​​​好幸福，闻水果好幸福//@战争史研究WHS :光绪二十三年慈禧为摆设闻味，共用去苹果158320个、秋梨111750个、棠梨77300个、红肖梨53295个、柿子2275个、文官果2400个、石榴310个、甜桃4344筐半、酸桃302筐半、樱桃429筐、李子920筐、杏694筐、沙果491筐、槟子770筐、葡萄16385斤、鲜山楂16663斤…
0.08944272,1167257004,​​​​八十年代，企业跟地方政府联合起来，一起骗中央……
0.08944272,1711479641,​​​​#研究分享#【美国人在哪里找寻生活的意义】怎么让生活更有意义，这看起来是个很宏大的问题，因此很少有人去测量。近日皮尤研究中心发布一份美国人生命意义来源的调查报告，主要从以下角度展开：69%的美国人表示他们从家庭获取人生意义，其次是宗教。但是对于低收入、低学历的群体来讲，他们不太认为可 ​​​​​
0.08944272,2020078245,​​​​特朗普：这些年，世界列强总是欺侮我们。布什和奥巴马这些卖国政府，和世界列强签署了一个又一个不平等条约。在我的领导下，这些再不会发生了。我已宣布，以前的政府签订的所有不平等条约无效，这包括以前奥巴马政府签的那个气候条约。美国人民站起来了，再不会受向中国这种世界列强的欺侮了
0.08944272,5285824304,​​​​hhhhhhhhhhwrnm我用来思考共产党宣言的大脑被你瞎鸡儿灌输了多少剧本@是知也耶 ​​​​​
0.08944272,5512871994,​​​​//@战争史研究WHS:圣经里的吾珥，亚伯拉罕的老家//@在下黄昏鸟:转发微博
0.08944272,1973009074,​​​​50年？那估计还是会先打内战[doge]//@隐庵先生: 两党制崩解已有雏形，但是彻底崩坏为多党制，至少还有50年的时间，届时极右翼白人主义党、右翼共和保守党、中翼联邦民主党、左翼社会民主党，极左翼茶党等至少是4-5派的多党制最终会建立！
0.08944272,1973009074,​​​​//@战争史研究WHS:太长不看版：【山东问题由国联十人会（英法美日意）决定，波兰无发言权；国联关于九一八事变的两个决议，波兰均支持中国】//@白雪专业歌手:太长了，看得累 //@成化大帝:很多人对外国的印象都是被前几年的营销文章洗脑了，波兰反华啊，以色列报恩啊，还有巴铁的各种。看的都烦了、、
0.08944272,6182428373,​​​​@人民日报  在人日总编室实习超级喜爱人日的工作环境！爱党爱国，严谨认真，肩负时代重任，勇做历史的编辑者与见证人！@得即高唱失即休  @qi柒xi  @一粒豆豆豆豆豆儿
0.08944272,5799664003,且不说强国的具体现状，原博也没道理。国家占有的矿产，文物，水利等，哪个不是属于每一个公民的财产？这难道不是公民权利的来源？难道哪个政府的全部运营靠缴税来的？//@邓艾艾艾:说得好像在这国交了税就有完全公民权、有权力决定公共事物似的，最有权力决定的恰恰不就是些能力以外资本为零的啃爹族。
0.08944272,1767341980,​​​​再次证明车轮党会输是有其必然性的(
0.08944272,1167257004,​​​​赵薇可能也是党员。黄晓明应该不是——不然他那豪华婚礼要算大操大办了吧……
0.08944272,5153038363,​​​​道义这个词太大了//@严锋:考验美国和川普的时刻来了。得道多助，失道寡助。一个国家如果不讲道义，也许可以得利一时，但终将被世界和时代抛弃。//@王志安: 一边当总统一边做买卖挺好的。//@码饭:纽约川普国际酒店去年前三季亏损，12月沙特政府给整个包了，不仅让它12月盈利，甚至去年全年实现盈利……
0.08944272,2324434892,​​​​#静静的顿河#  同为战争题材，比起《战争与和平》，这本故事性要强一些；同为农村题材，比起《平凡的世界》，这个文笔又要高上许多（《平凡的世界》就不能称为文学）。 女孩子还是要多受点教育，这样就不会什么样的男人都能看得上[拜拜]至于格里高力，你们都做出不道德的事了，干脆就不道德到底好了 ​​​​​
0.08944272,6346402426,​​​​猫党真的好会洗脑[怒骂] 我差点顺着说一只好名贵的三色短尾猫//@松屋三文魚: 好慈祥憨厚一只招财猫
0.08944272,1625915487,​​​​安格尔的老师大卫一生曾为多种政党服务，绘制了许多热情饱满的革命宣传作品，而安格尔却不问政治，安心追求古典主义那种平静肃穆的美。 ​​​​​
0.08944272,5667989946,回复@-阿静欧尼:哇我是觉得政府政策好好哦母爱教育和父爱教育替换进行[太开心]这种又当又立（划掉）当爹又当妈的行为试问谁不感动！
0.08944272,2290230600,回复@Swttomoe:其实我对宗教和艺术也有一点个人理解，如果你请我吃火锅我可以给你讲。
0.08944272,6866571572,舅舅和小拉生个孩子吧……（躺（加入催生党
0.08944272,2012667405,回复@亲妈联盟忠实骨干Evangeline:貌似不能这么简单地直接从饭圈自身推饭圈背后是什么……而他对饭圈组织形态的观察也让我感觉很刻意他者化，有种猎奇窥视者的眼光，尤其是用我党地下组织比附那段，就像人称赞猴山的组织形态一样，感觉是圈外人才有的眼光，相比之下詹金斯之类传播学圈内人就会用赋权
0.08944272,2174759242,​​​​//@财经网:【ofo正寻求政府帮助，谋求上市机会】ofo创始团队在求助政府官员，谋求上市的机会；投资人中，阿里、滴滴、中信产业基金、DST组建ofo还债委员会，进行债务重组；不少供应商同意债转股，这是他们拿回钱的唯一选择。
0.08944272,1400819581,华为的反应比较理性，政府的反应比较泼妇
0.08944272,1601134657,​​​​我本来想晚上起卦，我看挺多不是华为的人也点赞了，我就这会就起卦了。  出生：没填 年　性别：女　占事：华为孟晚舟的事后续走势如何 全部问题：以世爻代表孟晚舟和华为这个利益整体，应爻代表美国美国政府，美国政府后续态度如何，会有软化吗，有无国家地区人物能在中间斡旋。华为后面三年的经营势头 ​​​​​
0.08944272,1720078977,回复 @我追山川跑:其实捋顺逻辑就很好理解。用中国本土观念来看，如果死亡并不是结束，反而可以通过尸解等手段升仙，或者用宗教视角来看，死亡之后还可以投胎或者入净土或者升天堂，死亡何惧？只有从唯物论的角度看，死亡就是终结，没有然后，死亡才值得恐惧。
0.08944272,5381646040,​​​​//@栗将軍_羽生党:在马赛大家给你唱的Happy birthday 我坦白说，去马赛的人真的不是特别多。虽然法国冰协的安排一言难尽但是一个好的结果，一个小小的场地，回想起来也是美好的回忆，galaop也让看了。还记得为gala op的swan掉了眼泪。记得场馆旁边有个公园……记得我去挂banner男工作人员笑着说ok女工
0.08944272,6539157215,​​​​不带小劳玩，本来已经准备[哼]了，看到后三张本劳斯莱斯党一本满足
0.08944272,5475996492,不是佛教传说吗？法 轮也是印度土生宗教里很经典的符号了(看见下面那个罗摩衍那了，联动小葵花吧，大招人生导师)
0.08944272,1601134657,孟晚舟事件，美国真的是和中国撕破脸，直接冲突。因为中国政府在国籍管辖权问题上，一直还是比较强硬的。早年欧美公司为了不触中国政府这个逆鳞，加上中国加入全球化队伍晚，经济没起来，市场小，文化隔膜等，欧美跨国公司是不给中国籍员工升很高职位的。
0.08944272,3411519060,回复@想当富婆的少女诶:是中国的猫特别废柴还是中国的鸟牛逼的不行？美国的亚洲鲤鱼、澳洲的兔子有被人投喂吗？另外说到澳洲的兔子，澳洲政府还大规模屠杀兔子的，你怎么不去抗议？兔兔那么可爱怎么能不保护起来？
0.08944272,3926826692,回复@小忍Heartunderblade:这也是我挺困惑的一点 似乎信神的宗教是不能脱离这种设定的。从宗教的叙述中 神是会对人的行为有喜怒哀乐的。从我们的定义来讲 爱是一种情感的寄托 是期望有所得的 那么问题就是神会从人的崇拜中有所得吗 且神对人的情感会与宗教所论述的全知全能的神性有悖吗？
0.08944272,1601134657,​​​​经常有新闻，美国的投行，如摩根大通，在中国开展工作，录用中国的二代做项目，美国那边认为是利益输送，然后对投行美国本部罚款，但是对中国的二代并没有惩处措施。就是因为中国政府一般是不承认这个《反海外腐败法案》对中国公民的管辖权的，所以老美只能惩处本国的人员和机构，不能奈中国二代如何。
0.08944272,3261397993,​​​​刷屏党 【国剧圈】毒纯小笼包，只爱朱一龙[心] 【欧美圈】本命：亨利·卡维尔、塞巴斯蒂安·斯坦，墙头无数[嘻嘻]  假的历史博主 ​​​​​
0.08944272,6070227013,​​​​我们高中是省内唯一一所自由恋爱的学校，保送北大的师姐在生物课上给保送北大的师兄织围巾……[跪了]//@寥若晨星-好多的日子要过 :有钱咋都行。全文完。//@战争史研究WHS :不必挤高考这座独木桥，比衡水中学或毛坦厂的学生幸福多了 //@-罐儿- : 其实北大附也还行，社团多，选修多，选修还分两种
0.08944272,1601134657,​​​​中国抓了个加拿大的前外交官。        加拿大和美国这次还真低估了中国政府对中国籍公民的国籍管辖权的重视程度。        中国历史上有过百年屈辱史，所以中国政府相当看重公民在海外的国籍管辖权，中国政府一直都不承认美国长臂法案的超限管辖权的。         中国公民在海外犯了刑事案件，比如贩毒、 ​​​​​
0.08944272,2020078245,​​​​太阳出大事了？美国政府紧急封锁太阳天文台，人类要登陆太阳吗？ - 今日头条 - 很有可能，就是美国国家太阳天文台在太阳上看见了什么，而美国政府不愿意与世界各国分享他们所看到的秘密，所以才紧急封锁了太阳天文台。http://t.cn/EUzMw4q ​​​​​
0.08944272,6314836872,​​​​#科技巨头批澳政府反加密法律：对网络有重大负面影响#据美国科技媒体TechCrunch报道，澳大利亚反加密网络法律上周获得通过，而包括苹果、谷歌及微软在内的科技巨头对此表示谴责。“新出台的澳大利亚法律存在重大缺陷，范围过广并且对于新的权力缺乏独立监管。” 改革政府监管联合会（Reform Government ​​​​​
0.08944272,5856099367,​​​​yyt团长是比赛期间管理重组的时候临时推上的氪金大粉，三次元工作党性情温和成熟，对饭圈撕逼带节奏确实比较生疏，处理一些事情的熟练度比脂粉差很多，但是给美岐花钱没有七位数也至少50w了，线下应援组织的很好，客观评价这种高学历精英阶层的管理比脂粉多了脑子和统筹规划，看利弊取舍了
0.08944272,2460945031,​​​​这条内容为他人转发//@衣锦夜行的燕公子:他早就看对方党派那个一直侃侃而谈的男人不顺眼，看他栗色的头发不顺眼，看他闪闪发光的眼睛不顺眼，看他拿着矿泉水瓶的修长手指不顺眼，看他喝水时上下滑动的喉结不顺眼。该死！他不由把自己领带松了松，这样满口胡话的男人，真应该被压在墙上好好教训一下！
0.08944272,3228584312,​​​​其实稍看几篇1700s的英语文本就大概能把这两个思想parallel起来。克苏鲁的“宗教”架构和基督教是类似的，同时用了大量pagan要素，看起来有①点讽刺了//@CyberAlex ://@在下黄昏鸟 ://@枫伊_Flannery ://@Mosan穆刹 :很有想法嘛少年
0.08944272,1744501211,回复@李彧强:不敢不响应党的号召[跪了]
0.08944272,1744501211,回复@李彧强:今天不是浪啊，这不是响应党的号召去看改革开放的展览吗[允悲]只是因为上周日我有课没去，只能自己找时间去了[允悲]
0.08944272,2405271532,纠正一下，南希是民主党人，中期选举民主党赢了，所以她是多数党领袖
0.08944272,3163262252,回复@blankheroin:唉 党宣常态
0.08944272,2919545355,回复@我和我的昵称:是的！！！！我都感觉对不起开校车的师傅，真的下车以后拍了个照党旗都没扯，就地解散了[嘻嘻]
0.08944272,6137274003,回复@Stella-la:对不起 我还要重新开始上党课！
0.08944272,5188388290,​​​​想了想还是不敢发朋友圈，怕又被田老师说你导师在国外你就放飞自我了么？？(Hhhh老师，你是第一天当老师么) ，想了想还是去了改革开放的展，因为不想在入党关键时候不积极，以前的衣服还是很时尚的，以前的瓷器配色太好看了吧，温温柔柔的。如果今天晚上等不到回答，我就拉黑了hhh你耍我嘛！  ​​​​​
0.08944272,5970919436,​​​​@我要呆在麦当劳  快看//@自种天然:没错，随便找个地方挂着，喷喷水就行了[挤眼]//@关三颜色:强推空气凤梨，手残党的福音，还不用考虑💭介质！
0.08944272,3140602837,看到您赞的法希同人图…太太也是法希党吗[憧憬][憧憬][憧憬][憧憬]尖叫！！！
0.08944272,5396678227,​​​​……//@凤凰网:蔡英文宣布辞去民进党主席
0.08944272,1973009074,​​​​//@搞笑王5001: 民进党要直接作票了？
0.08944272,6548274719,​​​​//@一毛不拔新干线:微博网友要爱国爱党遵纪守法。看了视频，选手在冲刺阶段被人强塞国旗因为干扰跑步未做任何处理扔掉了，所谓揉成一团扔掉显然是造谣，网友们应该去@四川魏静  那找到该条微博举报不实信息。同时随便跑进场地干扰比赛，导致选手丧失为国争光机会应当艾特四川警方敦促处理[太阳]
0.08944272,3401481034,​​​​梁文道在《冲突和策略》最后说到，现在有些人动不动就说直接向谁开战，打他！他们真的理解什么是和平，什么是战争吗？他们所谓的战争，伤害的就是我们现在在街上走，那个骑着自行车的学生，那个拄着拐杖的老人，那个正在吆喝的小贩，所有这些，平静地不知道发生了什么的人。 ​​​​​
0.08944272,2012667405,上课在讲独战不是窝巢概念上的反对殖民压迫的民族主义斗争……我觉得这个性质在那个小共和国时代就已经一脉相承了，那种“殖民地”的用词和东亚语态里熟悉的完全不同，天朝历史最缺的在逻辑链上先在的概念比起扯虎皮做大旗的什么“自由”“平等”，不如说是“自治”（当然自由平等也很重要）
0.08944272,5186321849,回复@王小熊RUC:还不是为了向您这样优秀的党员同志靠拢[并不简单]
0.08944272,3923250957,话说真的可以嘛！北京学生党一枚，会一点摄影，但是自己好菜鸡啊……
0.08944272,5503864629,​​​​今天早上醒了一下 感觉又睡着了 没有意识的时候 脑子里在播放 不党不盲不私不卖'........ ​​​​​
0.08944272,1973009074,​​​​//@超大号摩卡 :中立是理想，要维护这个理想首先要承认现实已失衡//@天涯旅人6688 : Roberts想维护的是一个法官中立的神话。如果这个神话是真实的话，民主党就不必去污蔑由川普提名的大法官Kavanaugh了。如果不存在所谓的“奥巴马法官”、“川普法官”的话，左派为什么担心川普有权任命更多的法官呢？
0.08944272,1787655253,​​​​[哈哈][哈哈]大快人心[鼓掌]，不过TC这群出口就是恶臭素质低到吓人只敢躲在渣浪的杠精们什么时候能去推上丢丢人，很想看他们写道歉信呢[吃瓜]天朝Blink还是太善良了[拜拜]
0.08944272,1726877263,​​​​@方方：同行对待同行，比外行更狠，这种事很多人都领教过，我也不例外。同行为了灭掉同行，时常会处心积虑，煽风点火，察颜观色，迎合权势，做起来相当不管不顾。并且这号人作恶后还能春风得意。因为他们早已揣摸透了管理者的心态：只要极端左、极端展示所谓爱国爱党精神，即使作恶到极致，也是一身正 ​​​​​
0.08944272,6408649453,哇！好棒！学生党举双手赞成！
0.08944272,6553224896,​​​​感谢大家的关爱，收到当归黄芪党参真的想立马炖只鸡咯哟[太开心][嘻嘻] 好馋啊！还有筒子坐了一个小时车 背了礼物和这桶坚果来 也是感动 ​​​​​
0.08944272,1167257004,说到战争，我脑海里总会浮现抗战时期傅斯年信中写梁思成林徽因夫妇，“他们二人万里跋涉，到湘、到桂、到滇、到川，已弄得吃尽当光，又逢此等病，其势不可终日”，希望自己有生之年不会遇到同样的困境……
0.08944272,3435779102,很晚入党，还有图二和图三吗？想要～[给你小心心]
0.08944272,5799664003,​​​​//@陈迪Winston:肯定见义勇为的同时处罚200元[费解]//@我是愤怒的王小能:http://t.cn/E2QpmSq //@顾不厌://@神气飞天猪:不是说天朝是深夜放心撸串国吗？明白了，事主错就错在深夜去吃火锅了
0.08944272,6055850337,​​​​//@發條青蛙 ://@Mi醉生 :呀，醉了//@小党 ://@老刀99 : [怒]//@跳跳可爱虎 : @深圳平安 这个麻烦给个公告吧？
0.08944272,2012667405,​​​​汉萨，不善记账，不搞对账，不会保险，出去四处奔波住在小破酒馆里，粗布短衣大餐吃咸鱼，盟约遵守程度甚至都不如你希渔村（虽然你希屑村是靠强力镇压别人），居然还组建军队参加别人的王朝继承战争，这些人到底是怎么繁荣起来的哦（褒义 ​​​​​
0.08944272,6175059553,​​​​//@Twice-Chic:黑五适合学生党剁手的丢来了，本次免邮活动周五结束，这里注册参与http://t.cn/E28o7tZ
0.08944272,1601134657,​​​​地方国企的收入水平普遍比央企高的。 体制内的单位，无论企业，还是政府部门、事业单位，越是央企总部、部委、国字头机构，收入水平越低，而且管得也比较严，普通层没什么灰色收入的可能。 正常应该高薪养廉的，那种薪酬水平和接触到的资源、项目水平对比，真的能让人扭曲。 ​​​​​
0.08944272,5153038363,？？？这些人是代表女权说话的吗？我算是明白为什么你哩天朝女权环境是这样了 说了难听的话就是代表女权了 对同一个人说的话就是同一批人 魔幻魔幻
0.08944272,6492176783,同感...买了好多日常的后发现自己根本不是日常党
0.08944272,1973009074,​​​​有意思……//@Heavenxu2017:受教育程度过高是西方社会（以及中国）的潜在危机：义务教育不仅大幅增加了育儿成本降低生育率，也将国家主义大政府的观念渗透到每一个人。高等教育更是将无数社会急需的技工变成了大批白左。现代的教育制度不但不是文明的基石，反而是现代文明的定时炸弹。
0.08944272,1906683135,回复@铸造总监兰斯洛: 相对来说，在这个问题上我可能会更认同安高德的观点…但这场战争的实际情况就像我在引言里说的那样，其实也是充满争议的。
0.08944272,1601134657,​​​​居民们被掏走的收入，落到地产党那里，地产党房产套现的钱基本都出逃海外，流入美澳加的楼市，尤其是美国，进而助推美国经济增长。[允悲]
0.08944272,2525279541,回复@F-14哼哼:那些台湾来大陆的几百万人是来抄党章的吗？
0.08944272,6562492971,​​​​选举输了是你们民进党的事，为什么是“各位国人同胞晚安”？民进党就是这么强奸民意的吗？
0.08944272,6562492971,选举输了是你们民进党的事，为什么是“各位国人同胞晚安”？民进党就是这么强奸民意的吗？
0.08944272,1601134657,​​​​很多人觉得我搞金融，想乱来就乱来，赚灰色利润；我开工厂，想污染环境，就污染环境；我做官，我想贪污就贪污……政府不管，还协助放任，那才是好时代。什么，政府觉得金融界乱搞，要穿透式监管；大力抓环保，我污染就不让我生产了；还反腐败，不让贪污了……天呐，大家都来看，暴政，暴政啊！
0.08944272,1423893323,国民党已经不是当年的国民党 现在可以说是台湾国民党
0.08944272,5851059451,​​​​天朝双人现在这么难看，主要还是土且尬.....彭金也好于张也好都是一股子继承自他们教练的革命战友感，没有情愫的流通，滑啥都像故作深情状皱眉的健美操...于金以前很好看的，奈何硬生生被拆成了组织包办....李香凝更是土到极致我就不信那个速成组合能成一线pair...隋韩倒是不土也很来电，可是架不住上 ​​​​​
0.08944272,2020078245,​​​​前些年，晚上有批自由派，一提到资本就满脸笑容像桃花绽放，一提到政府就做憎恶状，让人很不好理解。他们到底是在叫啥劲呢，难道他们真不知道资本是官僚阶层最好的朋友吗？//@事件与评论: @泰然国际TAZA: 这20年形成了官僚阶级了，目前正在和资本保驾护航
0.08944272,2604349571,​​​​有些人经常感觉自己受辱是不是心理有点不正常？//@充气榔头: //@释老毛:华为辱德，德国政府欣然接受羞辱，德国明星很迟钝，很不政治正确……
0.08944272,1617045791,​​​​在北京学规划的重庆人欢迎你们！市政府副秘书长的椒盐普通话太亲切了！//@中国城市规划学会: 重庆，重庆！
0.08944272,2020078245,​​​​人民回收互联网 - 今日头条 - 以主权国家政府代表的民众中介力量的身份，与互联网企业做的经济和政治方面的博弈。  这种博弈的方向，总体来看是对通用互联网精神的悖逆，所谓的逆全球化，逆互联网化，让本来借助全球化和互联网化发展起来的互联网企业的业务受到一些影响http://t.cn/ELA4caG ​​​​​
0.08944272,2945902895,​​​​韩身上的那些可贵之处其实被最近一个月的选举语言稀释了，走阶级斗争的选举路线，口号一定要够简单够庶民。精英阶层的指责，在我看来，就是何不食肉糜的虚伪，他们怎么懂得底层老百姓饭都吃不饱的痛。那些指责他搞洗脑搞直销的人，也都是没有兴趣去看他北农经历和竞选党主席经历的。但凡能不带着偏见去 ​​​​​
0.08944272,1973009074,​​​​//@鄭峻: 1936年美国总统大选，523比8。罗斯福得票率超过60%。参议院民主党74比17。众议院民主党334比88。怎么干涉？//@VitalyVitaly:共和党没有干涉他？
0.08944272,1856887193,​​​​#星舰驾驶员# 这片子相当昭和了。作者大概比较熟悉伯罗奔尼撒战争史一类的著述，之后切换成一个西西里小国的视角，尝试去阐述一个政治与人的故事。整体还是非常强大，不过当我看到这是一部2005年的作品时内心五味杂陈。把它放在90年代可以算是不错的片子了，但是对于2005年而言，它显然在故事细节上处 ​​​​​
0.08944272,6453895150,​​​​素素自己的事情自己解决 我顶多一个白莲抱抱党 我对他没好感 看不惯的双我  明天如果前圈那事上热搜也不能冲了见面会的热度，哥哥的热度最重要[赞] ​​​​​
0.08944272,1837367630,​​​​mmp 宗教真的好神经病啊 难以想象人类有一千年就在研究这玩意[晕][晕] ​​​​​
0.08944272,5774919667,回复@我欲醉眠芳草_:每次我说自己是华福党都有人说我逆CP
0.08944272,2075664175,​​​​【废墟与挽歌】帕尔米拉—沙漠中的辉煌堡垒，丝路上的欧亚咽喉，从公元前1世纪开始兴盛，凝聚着希腊，波斯，罗马文化精髓和建筑技艺的丰碑，是联合国名录的世界文化遗产。叙利亚考古学家阿萨德为了保护她，被IS极端武装在遗址中的广场上斩首示众。政府军在俄支持下，与IS不断地拉锯战。但IS打着“抹除 ​​​​​
0.08944272,6233772756,​​​​这位大姐才是又蠢又坏[允悲]//@肛泰官方微博:[允悲]阎老师为难我了，搞清洁我推荐@Dyson戴森 //@战争史研究WHS: 被央视网、共青团中央、中央政法委点名或不点名批评、被网民全网唾骂的小人，说别人“别有用心”[允悲]这嘴真脏，得治。@肛泰官方微博  http://t.cn/E2B8k6Q
0.08944272,2354639903,​​​​是这个理儿//@王小亚://@Hanyu小公举: 说透了。。。。。//@_KeLlY_LIU_:“你以为斯人若彩虹，事实上大多不过是借有趣之名行地痞之事外加党同伐异的小混混罢了。” 哈哈哈哈
0.08944272,2424105025,​​​​女拳警告//@战争史研究WHS ://@arienai_ :不好意思我是作者，这张图的女性是我的女朋友，我本人也是女性但是常用男性人设，仅此而已，不仅违规用我的图您还随意给我加戏，不知是谁要服务男性哗众取宠？
0.08944272,2465437730,回复@绝望猫奴:也是法官呀，准确的说是作为领导的法官们，就是院长，党支部书记一类的。
0.08944272,1700054767,​​​​……我好生气啊//@猫儒学派未亡人: //@Agape_de_la_Mancha: //@神算子哈里谢顿 :[汗]//@广州城堡堡主 :孩子们出国留学以后越来越麻烦了[允悲]//@g-_stone :昨天刚说中国科技交流可能会被外国从政府到民间集体封杀，今天就变现实了。政府关注的是知识产权，民间关注的是名誉风险。这就是胡来的代价
0.08944272,3120859360,​​​​“处理”//@血盟_孔爷:感觉真的把政府也架了起来，处理掉，不人道，毕竟是生命。不处理，只要孩子有了后代，人类的基因永远都被人为改变，并且不知道后果。//@R18叔:处理……
0.08944272,6404867778,​​​​我要做一个快乐追星的小散粉[兔子][兔子]我只喜欢林彦俊，我还爱党爱国爱人民，一定积极投身中国特色社会主义建设当中，做爱岗敬业的好青年(✪▽✪) ​​​​​
0.08944272,2965185160,​​​​//@8Giao:[失望]//@先吃块芝士蛋糕冷静一下://@刘码露:真难受。//@北国佳人李春姬:撕裂//@一点茄子酱://@M大王叫我来巡山:不要再有战争了//@丨大姨太丨://@就是一颗糖呀://@非著名半导体网黄瓜://@阿葱:想转给首页。//@荷兰豆养殖专家: 我们活在同个世界//@好烦哦不想改名字:大太阳下暴起鸡皮疙瘩
0.08944272,1167257004,​​​​对于新技术，总体而言我还是觉得宜疏不宜堵，尽快从伦理和立法上完善，另一方面上需要解决现在生物行业血汗工厂的现状，使广大生物砖狗得到足够的&quot;获得感&quot;。不然政权稳定的国家是监管住了，没人乱搞黑科技，但中东地区中南美洲等无政府或者小政府的地方怎么办?墨西哥连毒品都禁不住，焉知黑帮大佬不会 ​​​​​
0.08944272,1167257004,​​​​对于新技术，总体而言我还是觉得宜疏不宜堵，尽快从伦理和立法上完善，同时另一方面上需要解决现在生物行业血汗工厂的现状，使广大生物砖狗得到足够的&quot;获啊得感&quot;。不然政权稳定的国家是监管住了，没人敢乱搞黑科技，但中东地区中南美洲等无政府或者小政府的地方怎么办?墨西哥连毒品都禁不住，焉知黑帮 ​​​​​
0.08944272,1973009074,​​​​//@老赵 :有解啊，反正大爱无疆的人数量多以后就能把流浪汉安排到人少的地方了 //@无斋主人Tony :投票给民主党的白左，只要保证homeless不住在他们社区就行了，这个可以通过控制的市议会办到。homeless可以安排在其他社区，自己正好展现大爱无疆。
0.08944272,1167257004,​​​​2016年左右集中补交党费，马云得补交了多少啊…… ​​​​​
0.08944272,1167257004,​​​​对于新技术，总体而言我还是觉得宜疏不宜堵，尽快从伦理和立法上完善，另一方面上需要解决现在生物行业血啊汗工厂的现状，使广大生物砖狗得到足够的&quot;获得感&quot;。不然政权稳定的国家是监管住了，没人敢乱搞黑科技，但中东地区中南美洲等无政府或者小政府的地方怎么办?墨西哥连毒品都禁不住，焉知黑帮大佬 ​​​​​
0.08944272,3320142951,感谢国家感谢党!
0.08944272,1403113900,现在最关心的是政府如何处理这件事情，科学家跨越胚胎存活14天的红线，算不算知法犯法呢？
0.08944272,2604349571,//@大革文化命: 是啊，政府在国际上再多的申辩，抵不过这一次实验的恶劣影响。[怒]
0.08944272,2604349571,//@大革文化命: 是啊，政府在国际上再多的申辩，抵不过这一次实验的恶劣影响。[怒]
0.08944272,3895434779,​​​​学习了//@系录芥末 :还要交党费[费解]我见识少…//@甘味屋七海 : //@佛心蛊 : HHH有趣//@Eleven-皓月冷千山SY : 转发微博
0.08944272,6326828942,​​​​猫党被可爱到 屈辱转发[怒]//@住十六楼姓盯:姐姐怎么好像又不开心[失望]//@JiAzYWLSkPdo9JMIIM:1井然jj 2罗浮笙 3二花 4雪宝
0.08944272,1403113900,现在最关心的是政府如何处理这件事情，科学家跨越胚胎存活14天的红线，算不算知法犯法呢
0.08944272,6424776108,​​​​是不是三体想来毁灭人类发展//@菠阿萝:xswl！！！//@克洛马蒂斯:大吃一京 //@萤火虫路西:超级党员！//@地中海的螺螺螺 :……//@东食西宿的贼贼 : 。。。。。。。。。。。//@屁静小书 : 真行啊//@GothClaudiaPage :绝了//@很哈的哈怂 :丧心病狂//@空空如也的胶囊 :大吃一京//@死巫 :银翼party员
0.08944272,5625399712,​​​​今天讲唐诗与宗教，又讲到了空海。 现在满脑子染谷将太的蜜汁微笑。 虽然我很爱很爱很爱这部电影，但是空海真的很渗人啊。 ​​​​​
0.08944272,1601134657,回复@壹只野猫:哈哈，我以前也像你这么想的，这两天我不这么想了。你想的这个太理想化了，是假定民众和政府都有底线的，中国很多人没底线的。
0.08944272,1601134657,回复@谦谦-君子有终:任何制度都有制度成本，看利弊对比如何。中国现阶段如放开持枪，最大的制度成本不是你们说的这些，而是私人财阀必然组织武装对抗政府。就冲资本觉得自己灰色模糊甚至违法违规的收入比合法财产还神圣不可侵犯的劲，纪、车那样的人辛辛苦苦攒的几百亿，他们难道会不自保，且设法用同模式赚更多的钱？
0.08944272,6079381484,回复@MC战争不断:？？？怎么啦
0.08944272,5556430564,我死党也是梅格妮啊！喜欢很多年了！我以前还嘲笑她追星幼稚 后来开始粉老薛之后被她嘲笑了好久.....真是啪啪打脸！[跪了][跪了]
0.08944272,6070227013,​​​​//@殆知阁2 ://@沧海一声喵呜 : 有去过巴西的人，讶异于当地男女关系混乱，常见单身女人带着好几个异父孩子，殊不知这种社会现象是有渊源的，孩子是强奸生的诱奸生的自愿生的也不好说，反正宗教文化不允许堕胎杀婴自杀。难说巴西女人就喜欢这样，只要识字率够低翻不了身。
0.08944272,1584317771,14天原则的基准是：1、14天是产生孪生子的最后期限，即胚胎个体化的分界线；2、这一阶段神经系统的构建细胞还没有分化出来；3、在受孕的这个阶段是可能发生胚胎的自然消亡的；4、在着床过程完成之前，胚胎没有进一步发育的潜能。设定这个时间点是是为了避免产生扼杀人类个体的伦理争议，根本跟宗教无关
0.08944272,5943411398,​​​​为什么会有那么多的伸手党和没有礼貌的人 面对这样的人在微信上的理直气壮的“请求” 当然是删掉他！ 诶嘿嘿 ​​​​​
0.08944272,3037134691,​​​​剪辑调色也好棒啊//@冥王星饶了灯笼裤吧 :错出个天高海阔，翻得真棒。//@DrRayCui :在「天朝渣男图鉴」事件过去很久之后，翻到了这支年初徒有琴编曲的「Tatoue-moi」中文翻唱，觉得现在是个把它分享给大家的好时候。
0.08944272,1096120081,​​​​//@战争史研究WHS:最后一句很有意思，想起中国1972年之前不靠边站，尤其苏联侵捷之后，时刻准备跟苏联“早打、大打、打核战争”；1972年尼克松访华之后中国靠边站，北方的威胁反而有所减轻（不想把中国往美国那边推得太狠）
0.08944272,1601134657,如果中国底层能傻到对血汗污染工厂的企业主进行慰问：你们在中国太委屈了，吃了TC多太多苦了，我知道你们在中国挣了十个亿，现在要移民走了，过去这些年你们担心政府追溯原罪，天天担惊受怕，太难了，来，我们再给你们捐一个亿，给你们移民添妆、壮行。这些个污染企业主阶层可能会勉强满意中国社会。
0.08944272,3929907977,​​​​嗯。//@一音顷夏:哈哈也是。归根结底：完整的知识结构至关重要。//@徐曦白:非常同意，但反过来何尝不是如此：社科人文（以及政治、法律等领域的）从业者如果没有基本的自然科学训练打底，经常会出现反智、反科学、伪科学、宗教信仰和意识形态偏见至上的问题，也特别容易走偏疯魔。
0.08944272,1906683135,​​​​回复@史海悠游:虽然这场运动有着很强的政治性，但不能完全排除宗教因素的影响。围绕它所进行的神学争论同样不少，两派教士都从早期教父的论著中寻找论据自圆其说。另外，君士坦丁五世、利奥五世等支持毁坏圣像的皇帝也会将自己的军事胜利归结于这一政策符合天主的意志，在一个基督教社会中，完全否定宗教影响不妥
0.08944272,3497048987,​​​​//@太皇太后您有喜啦:哎//@快递员吴彦祖:世界和平//@M大王叫我来巡山:不要再有战争了//@丨大姨太丨://@就是一颗糖呀://@非著名半导体网黄瓜://@阿葱:想转给首页。//@荷兰豆养殖专家: 我们活在同个世界//@好烦哦不想改名字:大太阳下暴起鸡皮疙瘩
0.08944272,1093737393,​​​​//@冰曦微语://@守望者-雉水俗人：問題是地方政府的稅收減免優惠、稅收返回優惠、土地出讓金折價優惠、土地出讓金獎勵返回優惠等等政策都是早就明令禁止的￼￼￼記住~ 大多地方優惠就是坑~坑~坑￼￼￼
0.08944272,1893711547,​​​​揪猴毛啦！揪猴毛啦！🙈//@今何在:我是一群猴在敲键盘……//@楚惜刀: 我辛辛苦苦每天一个人转四五十条容易吗？——很容易[允悲]//@宝树:我是半个人……//@于赓哲:还有我见过面的@宝树  @马伯庸  @斯库里  也是一个人，因为我亲眼看见他们在微博上瞎掰//@战争史研究WHS:我也是一个人[笑而不语]
0.08944272,1167257004,​​​​上午访问活力社区的打工妈妈，发现北京市政府对流动人口别的方面投入的不多，唯有卫生和计生方面做的很上心。免费避孕药具发放确实很到位；流动人口儿童与有北京户口的儿童一样，免费接种A类疫苗；流动人口育龄妇女与有北京户口的育龄妇女一样，免费两癌(宫颈癌、乳腺癌)筛查，免费做宫颈TCT检查。只是 ​​​​​
0.08944272,1502169164,​​​​根据他的不经意间的几句话，又透露出了他【曾经】是执行院长党委书记什么的，加上之前写了什么给几百万学生用的教材，又写了什么大学教材。。。。开了啥啥会。。但这不影响那个PPT确实做得很糟。。
0.08944272,3120859360,​​​​绿色的dang旗我真是？？？？？？上课玩手机被吓掉……//@sunwear:查看编辑记录，此地无银三百两。党和人民的解放军绿了？宁夏要造反么？ http://t.cn/ELn6s9v
0.08944272,2967083933,海淀区工商分局是派出机构，海淀区政府是复议机关之一？
0.08944272,2732936903,回复@REAGAN_oH:那我把初级党课考试考完
0.08944272,6326828942,猫党雄起[泪][拳头]
0.08944272,5799664003,​​​​//@奥布里维恩:哈哈哈哈哈//@西窗随记: 哈哈哈，右边太刻薄了。//@美国众神:公共知识点分子，最爱140字能讲完的知识点，一口能咬住什么结论，取决于昨天和谁吃饭听谁吹逼，和辉格吃过饭后，罗马灭亡于大政府，和河森堡吃过饭后，罗马灭亡于青铜器铅中毒。
0.08944272,2703572323,​​​​[生病]//@战争史研究WHS:盐酸和浓硫酸都敢看，浓硝酸那段没敢看（后来战战兢兢看下去了）（果然硝酸是最厉害的）（初高中化学课代表路过[笑而不语]）
0.08944272,2255602892,​​​​//@Stark狂野坚果冰淇淋: 哈哈哈哈哈哈哈哈哈哈哈嗝//@沏一盏钟爱的红茶:哈哈哈哈哈哈哈哈哈哈哈//@赤司喜欢我:我是自愿被逮捕的.jpg//@颜文字君:明白了∠( ᐛ 」∠)＿//@战争史研究WHS:反例则是这样  http://t.cn/ELRf86W  //@柳拂眉间黛色:是时候放出这张照片了[并不简单]  http://t.cn/ELRtSlt
0.08944272,1973009074,​​​​//@日落之前33: 想去欧洲旅游的就趁这两年了，再晚一点都有不知道变成什么样了！[衰]//@圆形排骨://@youtome-metoyou: 我一直很奇怪欧洲为什么会怕这个落后愚昧野蛮的人群。//@于洋律师: 老欧洲确实是完蛋了，天朝其实也好不到哪去。
0.08944272,1130336721,回复@oxz的白日梦:基本没有，但是朝鲜战争的毁坏太厉害了
0.08944272,2020078245,​​​​许善达：“很多人用国外的指标来判断我国税负的高低”，“这个判断依据是不对的，宏观税负高低是一个总体判断，每个国家政府开支的需要是不同的，每个国家企业的经营状况也是不同的，所以不能用其他国家的宏观税负标准来判断我国的(税负标准)” ​​​​​
0.08944272,2573021000,"​​​​【特朗普政府批准大西洋钻探地震勘测】特朗普政府 2 5日授权使用地震气枪在大西洋海底深处寻找油气层, 推翻了此前奥巴马政府的政策, 并引起部分民众的愤怒。这种做法会影响甚至伤害鲸鱼海龟和其他海洋生物。美国国家海洋渔业局表示, 根据《海洋哺乳动物保护法》, 已授权5家公司在从特拉华州到佛罗里达 ​​​​​"
0.08944272,1973009074,​​​​//@安然cn: “制造假冒伪劣的清真产品，这是对真主的亵渎，也是对人类的背叛。”--这就是张口就来型的，达到背叛人类的高度了。。。//@湖北武汉元洲兄: 易中天，钛表链!//@博士惊奇:一个破落户，不知道为什么有那么多人吹捧。//@天波杨府杨六郎: 易中天，你是老师？还是宗教徒？你是学者？还是阿訇？
0.08944272,3771985007,​​​​哈哈哈哈哈哈这真有想象力//@开水族馆的生物男:peta真逗//@战争史研究WHS:都不好惹[允悲][允悲][允悲]
0.08944272,1242694563,​​​​//@奈-治愈系小章鱼: 把龙这段版权买了做政府宣传片吧[笑cry]//@红茸://@白希德 ://@李亞有鸭梨 :[哆啦A梦吃惊]//@最近脑洞有点大 :卧槽最后这中国巨龙！鸡皮疙瘩都出来了！//@来去之间 ://@李成东 :不黑不吹，NHK纪录片多精品。//@八大山债人 ://@响马 :这比政府的宣传片带劲多了。
0.08944272,6866571572,​​​​妈耶，现在我打开少年派，是完全不同的感受…Piscine我立刻懂了，再也不愁法语梗了…法语对话不用头秃地看英文字幕了…然后宗教从黑天讲起，雅首达看小葵花吃土结果在他嘴里看到了整个宇宙的故事，还有葵花漫画呢233 然后还讲到哈奴曼，伽内什，帕尔瓦蒂，当然还有毗神…鬣狗Hari不是“哈利”啊！是诃 ​​​​​
0.08944272,5991741597,​​​​虽然是粉紫色，但既然是TF，没有画不好的理由吧——本淡妆党日常上课画这个都觉得淡[跪了]翻车。 ​​​​​
0.08944272,2324434892,​​​​#静静的顿河#  同为战争题材，比起《战争与和平》，这本故事性要强一些；同为农村题材，比起《平凡的世界》，这个文笔又要高上许多（《平凡的世界》就不能称为文学）。 女孩子还是要多受点教育，这样就不会什么样的男人都能看得上[拜拜]至于格里高力，你们都做出不道德的事了，干脆就不道德到底好了 ​​​​​
0.08944272,1970911773,战国末期离汉初也没有几十年啊……两三代人就彻底姓氏混淆，估计还是秦统一和秦末战争把旧贵族搞了个天翻地覆的原因？楚汉相争时候的六国之后都有点随意的感觉了…
0.08944272,5799664003,​​​​//@严锋:考验美国和川普的时刻来了。得道多助，失道寡助。一个国家如果不讲道义，也许可以得利一时，但终将被世界和时代抛弃。//@王志安: 一边当总统一边做买卖挺好的。//@码饭:纽约川普国际酒店去年前三季亏损，12月沙特政府给整个包了，不仅让它12月盈利，甚至去年全年实现盈利……
0.08944272,5593377975,​​​​//@神算子哈里谢顿: //@苏俄军事billyang:737团明显是195基地改名。737这个番号来源于参加过阿富汗战争的737团，由于苏联解体留在乌克兰，鹅毛重拾这个番号，意思明显就是乌克兰不配继承这些番号。鲸吞乌克兰的想法还是有的
0.08944272,1284145471,官方把你挂出来说明，党和国家不需要你这个特务、人民的公敌，有点脸就赶紧找个地方自己把自己埋了吧，别出来丢人现眼了
0.08944272,6516465567,​​​​国内党在想要不要托人买一套[跪了]//@灵然-_-:两段邀请出去玩的地方，两人的小动作也是窒息
0.08944272,6124848398,​​​​今天的快乐来自于英语渣的期中满分和不积极分子的党课通过[噢耶][噢耶][噢耶] 虽然还是有一些不开心的事啦但是都会过去的过去的！ 希望下周以后再也不要去校医院了！ ​​​​​
0.08944272,1662395500,博主还在谈九二共识？以我周边同龄人来看，没有什么九二共识。九二共识就是没有共识。这点跟民进党认同一致。现在谈论九二共识已经没有任何基础，台湾民众不清楚九二共识的基本含义，大陆民众对于自己之前的一厢情愿深感后悔。还是建议九二共识从此翻篇吧
0.08944272,1803497245,​​​​上周读完共产党宣言的我表示已洗脑…我就不明白了，为什么平时就喜欢看点综艺，听听八卦，看看散文故事的我现在却要 读共产党宣言，科斯的产权界定……还要硬着头皮去谈谈法国暴乱，AI与共产主义，分析如何消除市场的正负外部性……还要去担忧基因编辑对人类的影响……我现在只想相夫教子好吗[二哈] ​​​​​
0.08944272,2525279541,有时候粉丝跟宗教徒一样……
0.08944272,6038145776,​​​​美国政府到现在没有提出引渡申请，预计是特朗普为了确保中方经贸承诺顺利落实而阻止属下要求引渡。根据加拿大法律，无引渡申请的60日后即无罪释放。
0.08944272,6053565169,​​​​雅典做了一个关于战争的梦。 事件被时间抛入过去；他是个强大的城邦，时间的旷远无损于此，丰饶，富沃，那在这象牙门的睡眠的逻辑中筑巢的卫城比他如今拥有的心脏还远要旷丽无际。幻美，粗野，海风般的女人。她发间沾盐；她不曾撒谎，头带三叉皇冠，她的经血是热泉和冷泉。女性之城向男性之城伸出手， ​​​​​
0.08944272,6053565169,​​​​希波战争以前鸭淀说到伊奥尼亚十二城就极为嫌弃，不想和他们扯上任何关系，尤其是米利都，特么虽然在其他以奢侈软弱出名的弟妹城邦里你已经算好的了但你居然和锡巴里斯那种堕落的城市打炮是想怎样，还养着一群智术师 希波战争以后的鸭淀：我是你哥！听我的！我都帮了你忙了 ​​​​！ ​​​​​
0.08944272,6208651488,​​​​#男人与鸡[电影]# @姜梨果汁 @卉娘不叫卉凉 @北大陈旭光    无论从哪个角度看，对《男人与鸡》的评价可能永远都绕不开它清奇的剧情效果——神叨叨的滑稽角色，推理式的解谜路线，哲学上的寻根历程，科学怪人的恐怖阴谋，以及宗教性的普世人文关怀……总而言之，相当洒脱地展示了典型的丹麦黑色喜剧风格 ​​​​​
0.08944272,3513073992,​​​​哈哈哈哈哈//@cbvivi:一年又过去了//@马东不吃饭:天朝奇妙物语。//@行尸走肥肉:哈哈哈哈终于来了！
0.08944272,6775434271,​​​​贤佳法师的意思是，中国政府保护不了贤启。我很想知道，贤启要避什么样的安全风险？贤启法师哪方面不安全了？是贤佳担心某某事情要败露了吗？
0.08944272,2405271532,​​​​#华为cfo孟晚舟被捕# 世纪之交的美国，还算是衣冠禽兽，如今的美国，衣冠已经不要了。六十多年前的战争，新中国打出了生存权，今天的战争，新时代的中国要打出发展权，这是14亿中国人的基本人权，没有讨价还价的余地。用敌国的国内法和他吵架是一件事倍功半的事，中国只能应战，战争的形式可以多样，但 ​​​​​
0.08944272,5852432857,​​​​#华为cfo孟晚舟被捕#  企业与国家不对等 只能靠政府与政府对话；我国计算机技术和老美还时差着几个量级 对话起来能否硬气呢；在我国互联网发展初期 有墙的保护是好的 保护了国家的数据安全；但是到了现在的阶段 BAT垄断国内市场 诸多弊端早已显现；百度无良众所皆知 考虑到意识形态问题Facebook等社交 ​​​​​
0.08944272,1601134657,回复@奢侈品鉴定师未来:你没通读新闻就来发言，是吗，加拿大政府是应美国政府的要求，逮捕孟晚舟的。你语文阅读理解能力不够的话，不要随便发言。
0.08944272,1601134657,​​​​孟晚舟事件，美国真的是和中国撕破脸，直接冲突。因为中国政府在国籍管辖权问题上，一直还是比较强硬的。早年欧美公司为了不触中国政府这个逆鳞，加上中国加入全球化队伍晚，经济没起来，市场小，文化隔膜等，欧美跨国公司是不给中国籍员工升很高职位的。
0.08944272,1852600627,那天上了节专业课，剧情党痛批超英电影没水平，特效党批评文艺电影假清高[doge][doge]
0.08944272,6775434271,​​​​回复@云寂微:账号YC要起诉的人有五六位，为嘛只封了梦中的号，没封呼和、低调、见龙在田等人的号？//云寂微 :账号YC，通过向法院立案起诉个人收到网络攻击人身侵害，由律师向新浪发函调取其想要打击的人群账号信息，是以“网络攻击人身侵害”为由封号的吗？那还是民事纠事，也不干政府啥事。
0.08944272,2703572323,​​​​没了//@战争史研究WHS:“谢邀，本人985毕业，年薪一百万”那家？
0.08944272,2101875194,​​​​#每日一善[超话]# 党的十八大提出，倡导富强、民主、文明、和谐，倡导自由、平等、公正、法治，倡导爱国、敬业、诚信、友善，积极培育和践行社会主义核心价值观。富强、民主、文明、和谐是国家层面的价值目标，自由、平等、公正、法治是社会层面的价值取向，爱国、敬业、诚信、友善是公民个人层面的价 ​​​​​
0.08944272,3108512704,可以先加入长安太学党支部
0.08944272,2441136587,​​​​jjf这个事，逻辑有问题呀。 假设男方好友说的都是真的。 女方宗教和私生活混乱，假怀孕。 所以男方就暴打了女方？一时冲动扇一个巴掌也就该停了吧，女方的照片明显是暴打呀。 然后女方找了黑社会要挟勒索。 可是男方要是不暴打女方，她拿什么勒索啊。 评论下面又出现了经典的“大男孩”理论。8102了， ​​​​​
0.08944272,5517051226,​​​​团子又来延迟追星了！！！原谅今年的那两张专辑了！！这才是真实的127 真实的NCT吧！傻帽你改过自新了嘛！ 这个beat可太好玩了 李mark和Haechan的两大段是什么神作oh my jesus 宗教/科技/zheng治 127的mv信息量终于回来了
0.08944272,1224202574,​​​​我本人平时最痛恨的就是剧透党 但是现在 我儿子真可爱！
0.08944272,6485936596,回复@爱幻想De小二狗:党今天在我心中！
0.08944272,6605508099,​​​​这下可以说中泰真多粤推了吧 撸粤党爆哭了！//@喵酱Carol:这位不少粉丝就是前粤推[吃瓜]还有你粤黯淡时期说自己转推了
0.08944272,6769724413,​​​​给大家一个参考：泉州市政府通报碳九实际泄漏量69.1吨  7名直接责任人已被批捕
0.08944272,6030998582,​​​​BBC拍的那版《战争与和平》真是让我想说”whaaaaaaat”（各种层面上的） ​​​​​
0.08944272,6320743585,​​​​愿世界和平，没有战争
0.08944272,1973009074,​​​​//@战争史研究WHS: 前倨后恭[允悲][允悲]//@搜狐新闻:“来聊聊，敢么？......我老婆八个月身孕......”[跪了]
0.08944272,6520857369,2018年11月14日前后，据传有人在背地里想煽动一百多名僧亲在极乐寺聚集，部分僧亲还到国宗局上访。到底是谁在煽动？聚众闹事的目的是什么？某些搞民族分裂、宗教分裂的人正在想方设法地把事情搞大，请国宗局好好查一查！
0.08944272,1818624733,​​​​凉了  对不起丢勒 对不起宗教改革 对不起霍尔拜因 [泪] ​​​​​
0.08944272,2012667405,默里那本书有意思，最系统地讲二哥子の早年霸权以及利兰丁战争的了
0.08944272,2702271622,说的对，说得好，党的十九大提出，倡导富强、民主、文明、和谐，倡导自由、平等、公正、法治，倡导爱国、敬业、诚信、友善，积极培育和践行社会主义核心价值观。富强、民主、文明、和谐，自由、平等、公正、法治，爱国、敬业、诚信、友善
0.08944272,6693545202,欧美社会里的个人，面对作恶向下的力，多少还能有宗教兜着点儿，回转平衡一下。在无神论的大陆真是有股人挡杀人、佛挡杀佛的“无畏”
0.08944272,6682394651,​​​​我国网民的人文社科素养不敢恭维。没几个人分得清民族、国家和政府。。这就很伤脑筋了[拜拜][拜拜]
0.08944272,1784284650,​​​​好累啊！！both身体和脑子，昨晚睡觉都久违的抽筋儿了，但是好开心！！！和学堂小伙伴认真的讨论学术，讨论中国，讨论自我，讨论宗教，讲座上戴师用超人的思路把很多一直关心和思考的问题用案例串联后抛出来的瞬间我清晰的感觉到身上有电流从头到脚的颤栗，鸡皮疙瘩一身一身的起。追求自己的calling太 ​​​​​
0.08944272,2002551584,​​​​我比较严苛，同时说过“这不是女权主义”和“不婚保平安”的就拉黑//@我不是谦哥儿: 宗教式运作
0.08944272,1973009074,​​​​//@BluePrevail: 有史以来最奇葩的战争…………大胜一方大幅度的让地让利给大败一方[允悲]
0.08944272,1726526900,​​​​环球网也这么标题党有意思吗，好歹把人家原话转全，人家还说了分家庭和社会两个范畴有不同的判别结果。微博上这几年的极端女权主义和极端民族主义都已经过了火，下了微博去看看其他地方的讨论很多都是截然不同的观点。这里面就离不开很多媒体的煽风点火，好自为之。
0.08944272,3261397993,回复@你说宅有什么好:不可怕[二哈]我首页全是刷屏党[允悲][允悲][允悲]
0.08944272,1233811127,据古希腊神话传说，宙斯化作天鹅，与人间少女丽达交媾，丽达生女儿海伦，绝色的海伦成为十年特洛伊战争的起因。诗人叶芝1923年写下《丽达与天鹅》的诗作。
0.08944272,2961794997,​​​​劣币驱逐良币不是因为信息不对称，而是政府为了收铸币税有意为之。就好像大众不是不知道流量明星的作品有多么劣质，而是被资本和流量强行审美绑架一样。
0.08944272,5761367313,​​​​#美丽人生[电影]# 微影评～ 正像片名Life is Beautiful所传递出的积极乐观一样，整部影片以一个巨大的“游戏”的视角来讲述二战期间集中营的故事。对于正在经历这一切的小主人公Giosué来说，对集中营、战争的全部价值和认识来自于父亲的讲述，后者正用走心而善意的谎言来呵护孩子无暇的心灵，将全部的 ​​​​​
0.08944272,2716722933,​​​​抽个时间二刷//@战争史研究WHS://@我讲旧常识:虽然很多人说，现在不流行这种个人英雄形象了。但我总觉得这种渴望是潜藏在人们内心的，甚至是永恒的。比如埃隆·马斯克这个人塑造的形象其实就像财前五郎，SpaceX就像是白色巨塔。
0.08944272,1167257004,​​​​说到战争，我脑海里总会浮现抗战时期傅斯年信中写梁思成林徽因夫妇，“他们二人万里跋涉，到湘、到桂、到滇、到川，已弄得吃尽当光，又逢此等病，其势不可终日”，希望自己有生之年不会遇到同样的困境……
0.08944272,6520857369,​​​​贤佳涉嫌民运分子，其团伙成员攻击班禅！ 民运份子团伙污蔑佛教爱国领袖、历代班禅大师是外道！ @老林爱D 快来看，民运分子向班禅发力！对内借宗教搞民族分裂！对外攀附反华势力！ @青墨挥洒： 历代班禅大师被藏族人民视为无量光佛化身，历代嘉木样大师被安多地区藏族人民视为文殊菩萨化身，这是藏传佛 ​​​​​
0.08944272,2878584181,​​​​其实我觉得大陆这次对待台湾选举，可以放手，最好让皿精裆连任！mjd至少明独不欺骗大陆，国民党好不到哪去，暗独又拿大陆好处～每年大陆给台湾让利700多亿美元，台湾人口2300万，摊到每个人头上每年3000多美元，那都是大陆人民的血汗钱，还反而被骂！现在台湾人均GDP两万三美元，它说就算大陆断绝贸易 ​​​​​
0.08944272,1973009074,​​​​//@无斋主人Tony: 这个，建shelter人人都支持的，但是不能建在自己家附近。[允悲]//@鄭峻:硅谷圣何塞市，2013年无家可归者的数量超过了1.2万人。(随手找到的数据，现在的情况应该更糟)。政府议员提案给无家可归者建简易房，市民们大多理解同意，但希望不要建在自己社区，因为会影响房价和治安。
0.08944272,1973009074,​​​​//@不要觉得自己很特殊:这个健忘的大法官似乎忘记了不久前主流媒体和民主党国会议员歇斯底里说卡瓦诺是川普为自己量身定制的大法官。他为什么当时不斥责民主党说“卡瓦诺不是特朗普为自己量身定制的，没有特朗普法官”？双标？
0.08944272,1973009074,​​​​说说好玩，但就像让赞美北棒的人去北棒一样，有啥用呢……//@Aaazzz360：同意非法移民的人可以申请1-3人到家里免费吃喝住，政府不给补贴。如果能住满十年，就非法转合法。否则连坐，同意的人一起驱逐出境 //@圆形排骨: 说的不错。左派法官不讲道理。
0.08944272,1468313265,​​​​反不正当竞争...[阴险]//@我是群叔: 抛开政府出台这种举措的前因后果，南京市教育局有权发出这种违背宪法和劳动法（占有老师８小时之外的空间）的号令？
0.08944272,2012667405,回复@_Schwarzmaut_:哈哈哈哈哈哈哈哈哈哈哈哈哈哈哈哈哈哈哈哈哈哈哈哈修老师就认为鸭淀的最大力量就在于不信教（不能说不信教，因为你希本来宗教就很世俗，应该说是不相信某种神序（？）），而之所以去西西里凉了就是因为变得太迷信了，比如尼基阿斯非要等到月夜再撤退，然后就凉了，没毛病！！！！
0.08944272,5799664003,回复@緋奈多秋良:英据时期香港也常有这类游行的，甚至直到现在苏格兰不也有类似的事情么？英政府主要还是管具体行动，对这类的宣示性的行为不太管，他们不认为自己有权管这些。
0.08944272,1468313265,​​​​//@耿直的PallasCat: 还有这个标题，犯罪怎么和gay有关了？！恶臭原因：1、偷换概念，把淫秽说成色情；2、闭口不提未成年人强奸老师的故事内容；3、把中国绝大多数网友认为她有罪只是量刑过重的信息省略掉，把小部分嚷嚷她无罪的法盲的观点说成是主流；4、上纲上线搞政治化，说中国政府镇压言论自由
0.08944272,5512871994,​​​​//@侯虹斌:看看朝鲜人和韩国人的身高差距就一目了然了//@战争史研究WHS：在英国参观莎士比亚、华兹华斯等人故居，包括那时代的小酒馆什么的，发现门框天花板都很低，床也短，估计十八世纪英国人的平均身高也才一米六上下[允悲]
0.08944272,6754473007,​​​​#I can speak 微影评# 执着的背后或许深藏故事 以轻喜剧展开的影片在前半程带有弄弄的生活气息，将笔墨聚焦于执着打抱不平的“鬼怪奶奶”，无论是与政府的多次交涉还是和街坊的相处，在朴实中看到的是我们自己的生活。然而，随着剧情的深入，在罗奶奶和正直的朴主任成为忘年之交后，剧情一转基调。欲抑 ​​​​​
0.08944272,2634742731,​​​​很正常，民主二选一的情况下，执政党永远打不过在野党
0.08944272,6520857369,贤某法师就确实是在攻击藏传导致民族之间诤议，我又没瞎编，我度化不了他，为什么不可以呼吁党来度化他呢？你敢污蔑我党会直接杀死他而不是度他、帮他改正错误？
0.08944272,5886451974,​​​​//@木子洋KWIN :这是一场来自太空中的战争🔥
0.08944272,5799664003,​​​​//@奥布里维恩://@我讲旧常识:民进党的全称是 “民主进步党”，而非 “台独党”。只是因为KMT的历史遗留是 “中华民国”，他们才成了之对立的 “台湾”。这次选举真正让我失望的，是东亚文化保守主义确实太顽固，同性恋权益等进步主义议题失败，说明统独议题一旦不再值得争议，进步主义政党就立刻蔫了
0.08944272,2604349571,有些人经常感觉自己受辱是不是心理有点不正常？//@充气榔头: //@释老毛:华为辱德，德国政府欣然接受羞辱，德国明星很迟钝，很不政治正确……
0.08944272,1973009074,​​​​//@不要觉得自己很特殊: 民主党：我们需要钱养难民，还需要钱搞身份政治，给交不起医保的人负担超级昂贵的医保，极端动保，极端环保，极端植保，建77性别厕所，都要花钱啊！
0.08944272,1916966375,​​​​马云啥时候入党的啊，友邦不惊诧，我倒是好奇中国首富交多少党费呢#马云# ​​​​​
0.08944272,1167257004,​​​​对于新技术，总体而言我还是觉得宜疏不宜堵，尽快从伦理和立法上完善，同时另一方面上需要解决现在生物行业血汗工厂的现状，使广大生物砖狗得到足够的&quot;获得感&quot;。不然政权稳定的国家是监管住了，没人敢乱搞黑科技，但中东地区中南美洲等无政府或者小政府的地方怎么办?墨西哥连毒品都禁不住，焉知黑帮大 ​​​​​
0.08944272,2102446217,还不赶紧跑，战争从来没有让女人走开过
0.08944272,1994545673,​​​​wao //@排球少年不会出第四季了: 党员侠，出击！//@性感assault :wow~ ⊙o⊙wow~ ⊙o⊙wow~ ⊙o⊙//@性感小地精 : 照这个逻辑，既然党员是中国的命脉，我建议把不是党员的全部送出中国//@Vulcan_gouache :哈哈哈哈哈哈哈哈哈哈哈哈哈
0.08944272,1167257004,明星吸毒一般是少量长期很稳定的，对于政府而言，好像确定了某个明星吸毒之后，不一定非要急着抓，多吸一天少吸一天没多大影响，反正明星有钱，一般不会牵涉到贩毒以贩养吸，就是损害他自己的健康而已，社会危害性不大。所以，似乎是存在睁一只眼闭一只眼，到了需要爆新闻的时候再抓的可行性的吧…
0.08944272,6053565169,持蛇的拉凯戴孟成为了战争之城；他轻而易举地越过了美塞尼亚的边界，然后获得了狐狸的伪善和狡黠……在他击败蟾蜍后，他成为了留在自己土地上的保守的城邦
0.08944272,1647065055,​​​​表明一下自己态度： 瓶盖党： 别人有需要的话我帮忙拧开瓶盖完全没什么，在这方面纠结的完全莫名其妙； 吸管党： 除了女朋友，我不会和别人共用一根吸管，共用一个瓶口喝饮料，理由很简单，我有食物洁癖，受不了，愿意和女朋友共享是因为我没拿她当外人。 副驾驶党： 我并不觉得偶尔让异性朋友坐副驾驶 ​​​​​
0.08944272,1601134657,​​​​很多人对小政府的理解是：政府要放权和守法，但自己可以不法。 但实际法治社会是：双方都要守法。 ​​​​​
0.08944272,5949426065,​​​​超级充实的周末✨  ◾️和党支部一起去了北大红楼 周总理真的超帅啊 被迷倒 ◽️买到了一个超好看的眼唇卸妆液 ◾️打卡了学校的自助早餐 ◽️带着新相机去采风  ◾️在阿里巴巴买的手帐周边到了 录了一期开箱视频 ◽️晚上去吃了小郡肝串串香 还喝了一杯乐纯的酸奶解辣 蓝莓接骨木花味 超喜欢  超级开 ​​​​​
0.08944272,1973009074,"​​​​//@BluePrevail: “白色恐怖”这顶政治帽子ccp和dpp都用得很起劲哈.dpp台北市长候选人姚文智太太潘琼琪的确是“白色恐怖”的受害者——她祖父是ccp分子被国民党处决.40年代末50年代初几乎天天传来家属亲友同僚在大陆牺牲的消息,K在台湾也毫不留情的处置ccp人员.如果没有白色恐怖,台湾就是海南岛第二"
0.08944272,6243916284,​​​​哈哈哈是猫猫//@低温火焰环游记 :猫猫🐈//@揪住小羊 :明白了 小羊党输得倒地不起//@后天也要开心哦 :钱钱小猫咪
0.08944272,1601134657,​​​​政府都这样的话，就会被企业主阶层认定为好时代了，企业主阶层也就会安心在国内持续生产，不会想着移民了。
0.08944272,1854036675,​​​​所以萌新不是这个意思是啥意思[费解]//@一锅玄哥:遇到这种管他是不是真粉直接捶死啊，伸手党好意思？//@渊川之下:emmmm我之前好像遇到过好几个这样的。好在我讨厌伸手党，没给
0.08944272,2405271532,郎平的身份竟然是群众，而非无党派人士
0.08944272,1973009074,​​​​//@朱世巍: 回复@徐凯Design: 3000多人是俄罗斯国防部1993年公开的数据。2001年俄罗斯国防部对战争损失又做了一次核对，还是3000多人。日军在张鼓峰死伤1000多人
0.08944272,2731176820,​​​​脑洞。没有希特勒，维也纳学派在奥地利；美国变成哲学沙漠，继续傻白甜实用主义。欧洲认知哲学与现象学进行“七十年战争”。然后洪谦不会来北大，中国改开后没有分析哲学，于是我导师不会教这个。另外一面丹麦约根森的科学哲学占据主导，现象学滚蛋。我从丹麦回国后被万人唾骂，改行当厨师[吃瓜][doge]
0.08944272,1906683135,​​​​回复@刘斑斓:导致同盟破裂的原因是，拿破仑率领法军进攻当时还是奥斯曼属地的埃及，拿破仑入侵埃及的战争也导致奥斯曼帝国加入第二次反法同盟//@刘斑斓:好像在冷炮上看过！想问下1798为什么会同盟结束呢
0.08944272,5337760571,我身边的朋友也是，各种标题党，400多个明星参加的活动最后丞丞背锅，气死我了[泪]
0.08944272,1961642661,​​​​在我第二天中午要交读书报告，头一天晚上8点多才看完书的时候，收到考研伸手党的信息，我的内心是崩溃的。 不好意思，我宁愿去微信小游戏里养猫也不想回 ​​​​​
0.08944272,2703572323,​​​​确实相比于你们人生中多经历的痛苦，我这点小矫情算不上什么；但看到了这么多人在呼喊，相信正义的使者也不缺我一个[困]每个人心里都有自己的道德准则，什么大国崛起宗教自由动物保护女权主义LGBT，以后自认为欠妥的内容我也尽量不再违心地添一把火[吃瓜]
0.08944272,6463054248,​​​​周一满课+难得翘课被制裁 周二一天做ppt+写尽调报告+做补充材料+做pre+改论文+组织高党结业评议 周三周四山东出差顺便复习周末的高党考试 周五改尽调报告未名湖骑车子 周六改第二版论文+毕业论文开题 周日高党结业考试 我上周到底是为什么会觉得我这周很闲？[摊手] http://t.cn/zQhKugu ​​​​​
0.08944272,1918402822,​​​​//@陈有西: 能够公允分析的不多。地方官员，对巡视督查意见，全是宁左勿右，对企业一刀封死，以求自己仕途安全。经济是不是遭受严重挫折，他们是不管的。//@不畏浮云遮望eyes:不同的问题需要用不同的方式处理。当下，许多下级政府行政机关以执行巡视意见为由，悖离行政信赖原则，滥用行政权力的现象，
0.08944272,1601134657,回复@7711-2016:你如果有被12年以来的政府非法剥夺你的合法财富的经历，你上证据，发微博，包括你身边的人的经历，都可以。你发帖，我必帮你转帖呼告，封号都帮你转。你没有这样的经历，不要BB现政府恶，大底是占了便宜还卖乖而已。
0.08944272,1167257004,​​​​对于新技术，总体而言我还是觉得宜疏不宜堵，尽快从伦理和立法上完善，另一方面上需要解决现在生物行业血汗工厂的现状，使广大生物砖狗得到足够的&quot;获得啊感&quot;。不然政权稳定的国家是监管住了，没人乱搞黑科技，但中东地区中南美洲等无政府或者小政府的地方怎么办?墨西哥连毒品都禁不住，焉知黑帮大佬不 ​​​​​
0.08944272,1167257004,​​​​明星吸毒一般是少量长期很稳定的，对于政府而言，好像确定了某个明星吸毒之后，不一定非要急着抓，多吸一天少吸一天没多大影响，反正明星有钱，一般不会牵涉到贩毒以贩养吸，就是损害他自己的健康而已，社会危害性不大。所以，似乎是存在睁一只眼闭一只眼，到了需要爆新闻的时候再抓的可行性的吧… ​​​​​
0.08944272,2972875000,​​​​//@Agape_de_la_Mancha: //@神算子哈里谢顿 :[汗]//@广州城堡堡主 :孩子们出国留学以后越来越麻烦了[允悲]//@g-_stone :昨天刚说中国科技交流可能会被外国从政府到民间集体封杀，今天就变现实了。政府关注的是知识产权，民间关注的是名誉风险。这就是胡来的代价
0.08944272,5834869527,不过某些人又往另一个方向矫枉过正，好像他吴政局就是阶级对立一样。别人是政治家又不是学者，把某某集团某某豪强之类的学术概念当成现实存在的“党派”就很可笑了。
0.08944272,5554631077,​​​​我记着有人评价国共堪称姊妹党，根基都是苏联人扶植起来的，后来嘛...
0.08944272,1400819581,​​​​继续改革开放吧。让谷歌进来不好么？反正百度也不是中国人的企业？脸书进来不好吗，只有微博不正常吧。9000万党员直选总书记，吓死他们
0.08944272,5417251582,​​​​//@电影小纸条儿:这事儿的最大负面影响是又进一步的降低了政府的公信力。自己承诺过的扭头就翻脸，如果是个人或者公司，你会和他共事、做生意吗？
0.08944272,1973009074,​​​​//@期盼成为欧皇的豆: //@源灰砂aka:有当然是早就有了，他们辟谣党的意思是，价格那么贵，谁会白送给孩子吃啊。好像脑残爹妈自己不会买来吃似的…//@KDS一叶秋:前几天还有个S+B住加拿大的，写了长文，说绝不可能有大麻糖果
0.08944272,2875499894,​​​​考完党课，一件事over！接下来一个个要搞掂啊！！！[小仙女] ​​​​​
0.08944272,3527164860,有一种特别的宗教仪式感～堕落天使路西法。
0.08944272,5629097459,笑鱼姐姐，深夜还能看到你发微博真好，出国党最近赶作业赶到头秃，快失去对生活的希望了
0.08944272,1463601173,​​​​说起来，刚到美国听力还不顶好的时候最感到自己智力碾压【其实并没有。】的时刻就是文艺理论课上开始读《共产党宣言》和《资本论》……[允悲] 不过当然，我对某些美国同学认为《资本论》的计算很难懂还是感到很谜……[允悲] ​​​​​
0.08944272,2020078245,​​​​年薪最高64万！网易、百度、滴滴面向中共党员招聘党建经理！ - 今日头条 - 一些大的互联网企业党员人数较多，如微博公司党委有在册党员304名、分属于6个党支部，京东集团党委有在册党员2086名、基层党支部82个。http://t.cn/EyzGWHH ​​​​​
0.08944272,1973009074,​​​​//@William_the_Silent沉默的威廉：环保是不可能环保的，这辈子不可能的，挣钱又不会，所以只好捏造名目收税捞钱，维持下生活这样子。//@不要觉得自己很特殊:这个法国小白脸对勤劳的法国人民苛捐杂税横征暴敛，养懒人养穆斯林养庞大腐败无能的政府官僚阶级？法国人民要觉醒一下了，把那些腐败议员踢下
0.08944272,6130293504,​​​​袍哥是干什么的？ 袍哥成员的成分非常复杂，在开始一般都是下层，那个时候清政府经常把袍哥和土匪连到一起，有的时候干脆就称为“会匪”。 袍哥内部也分为“清水袍哥”和“浑水袍哥”。所谓清水袍哥就是有正当职业的，和政府和军队有关系的，而且比较遵守法纪的；浑水呢，是说没有正当的职业，依靠袍哥 ​​​​​
0.08944272,1551691992,​​​​[泪] //@GeniusVczh：现代战争第三部结局打得我心花怒放
0.08944272,1726526900,最初新华社那篇“可加工22纳米芯片”的新闻就有标题党误导之嫌，里面关键的一句是“为超材料/超表面、第三代光学器件、广义芯片等变革性领域的跨越式发展提供了制造工具”。超材料、新一代光子器件、“广义”芯片这些与IC制造无关的术语，了解相关学术领域的人都知道全是浮夸灌水制造噱头的重灾区。
0.08944272,5517022510,​​​​Deliverance - Weapons of Our Warfare，Deliverance组建于1985年，来自洛杉矶。提及上世纪80年代洛杉矶首先让人联想到的肯定是Hair Metal，其实洛杉矶也涌现了一批thrash乐队，虽然没有湾区的那批赫赫有名，Deliverance就是其中优秀的代表之一，主唱是一位基督徒，因此歌词内容大部分与宗教有关，即所 ​​​​​
0.08944272,6079381484,回复@MC战争不断:对啊感觉就emmmmmm不是很适应这种粉丝不断出来讲话的奇怪氛围[允悲]
0.08944272,1502169164,​​​​是啊，要是按照他的设置玩下去，对于我这种手残党新手觉得就是折磨了//@主观独立第三方: 抖S性质的游戏都需要黑一下，好歹给个看风景难度选项//@MebiuW:不太清楚为什么要搞得难度那么大，有啥意思呢。。要选择用户我觉得额可以直接说。。古剑3这个游戏很快就让人觉得根本打不过去，连最低难度
0.08944272,1130336721,​​​​本意是奔着世界遗产去的[哈哈][哈哈]但因为很多遗产的位置非常乡村，反而看到了很多很原生态的朝鲜景色，很多团员反而觉得那些更有意思呢[笑cry][笑cry]//@战争史研究WHS:瞅着比以前我参加过的旅游团有深度。看这意思，是奔着朝鲜境内的世界文化遗产去的吧？
0.08944272,2901062925,最厉害的是这部番很多内容都有现实社会的映照。比如罗马尼亚双子，比如日本的赤党。。。因为这个其实我挺想去看广江礼威的recreator，可惜评价太差了
0.08944272,5783411656,学生党真的月光😭 今年双十一花的格外多…这个月要节省再节省
0.08944272,1934441034,会有新义州的薛礼庙吗？外公朝鲜战争的第一站，想去看看
0.08944272,3892721020,​​​​好党员[笑cry]//@一个院长的思考:目测一下，韩国瑜至少读过《毛泽东著作》5遍以上！[赞] //@司马平邦:韩国瑜能有这样的想法，必须给他掌声。
0.08944272,6154095396,回复@SC30_:入党申请书是考完高党之后补写的啦
0.08944272,3780104507,​​​​明天的闹钟铃声 党课一定可以过！[微笑] ​​​​​
0.08944272,3237705130,​​​​#北大新闻# 【北京大学启动全校信息数据共享平台建设】2018年11月30日上午，北京大学全校信息数据共享平台建设启动会在办公楼103会议室召开，北京大学党委副书记、秘书长安钰峰出席会议并讲话，校本部和医学部教学科研、人事师资、财务资产、学生管理、后勤保障、校园秩序、信息服务等近30家相关职能部 ​​​​​
0.08944272,1167257004,​​​​bbs上有同学问【去国家政府单位主管的协会工作怎么样？类似中国XX协会，这种非盈利性的社会团体，前途有多大？】回答说【除了“中国足球协会”，大概都有些前途...】 ​​​​​
0.08944272,6584687643,​​​​哈哈哈哈哈哈哈哈哈哈哈哈哈哈哈哈哈哈哈哈哈哈哈哈//@亚尼大帝: 我笑喷 兔党硬伤锁定 黑料存锤[二哈][二哈][二哈]
0.08944272,5864040290,政府部门推广转基因跟方肘子一毛钱关系都没有，又不是方肘子的功劳。只要质疑他的观点就行，让他一直找证据证明自己说的对
0.08944272,1167257004,八十年代，企业跟地方政府联合起来，一起骗中央……
0.08944272,1726526900,IEEE会士其实不算稀罕，请官博赶紧补转【党中央拟表彰100名改革开放杰出贡献对象 11名北大教师、校友入选】和于敏先生介绍的新闻，官网官微都早就有了！希望官博小编能分清主次轻重，那些风花雪月的玩闹可以少一些，学术成果人才培养学科建设方面的信息要转全。
0.08944272,1681582384,中午开会的时候刚说到这个，就是国家给霍尔果斯一半新疆政府再给一半的优惠政策，其实当时企业来注册就没问题（政策制定的有无问题不谈），最开始是bj政府不乐意，因为霍尔果斯的政策完全搅乱了bj的文化产业，去霍尔果斯谈了很多次。。都提出了把艺人上缴的税收当援疆支持补给他们，只求他们取消优惠
0.08944272,6337605504,出现了！用途党！
0.08944272,1801155927,​​​​@呼唤鹏鹏  是我见过经历最可怜的孩子，长期被虐打，不给吃饭睡觉，最终被打成颅脑75%损伤、双目失明、全身瘫痪的植物人，只要善良的人都会被深深的虐到，求政府关注，求群众资助，我们一起把孩子从地狱拉回人间，严惩孙小倩，孙小倩死刑！
0.08944272,1167257004,没想到范冰冰也是党员，被查出偷税漏税之后是不是还要补交党费……
0.08944272,1502169164,​​​​感谢今天上的政治课，感谢党，感谢社会主义核心价值观。。。不然我完全不知道今天几号，如果不知道就惨了。。[允悲][允悲][允悲] ​​​​​
0.08944272,1973009074,​​​​//@朱世巍:如此前所言，如今是所谓偏保守的中央日报煽动反日（中央日报是李明博余党势力，也是韩国保守内讧的主力军）；稍左一点的朝鲜日报却在唱亲日调子。韩国内局势也很微妙
0.08944272,3904282017,​​​​真是服了 我就演出一个周末 结果偏偏在这个周末 党课要讨论 导师要办展 还有人来做强制去的讲座 咋回事啊 这周风水好啊？[微笑] ​​​​​
0.08944272,5642459208,​​​​（想搞一个理论家ver的圣杯战争，瞎JB捏了一个MC撸汉，游戏定位可能是个术拐；简介部分文字来自彼得德鲁克《荒野上的先知》，职阶技能说明来自《理解媒介》特伦斯•戈登的序言，固有技能说明来自《理解媒介》正文摘抄，至于为啥宝具不是理解媒介这是因为它听起来没有那么像宝具x - 职阶：Caster 真名： ​​​​​
0.08944272,1601134657,我了解的情况，现在的法律界的思维，全球的观念都是政府官员贪污，没有严重后果的，不判死刑。商业的行为应该在商业范围内解决和判罚，不应该上升到跨国拘禁他国公民的程度。
0.08944272,1973009074,​​​​//@盧安迪: 大部分經濟學家支持設立政府部門時，都是幻想政府部門會由他們指揮。
0.08944272,2905537821,​​​​如果我好好学画 未来当一个画家 或是多读些书 当一个写手 过时间自由的生活 做自己喜欢的工作 在呼和浩特有自己干净整洁的小房子 柔软的床暖光的灯浅色的窗帘 雨天赖在被窝里刷剧 冬夜里叫一碗热气腾腾的面 周末时约死党在家里吃火锅 停下来的时候去见识一下这个世界 多好呀 ​​​​​
0.08944272,6053565169,​​​​修老师：四八大受到鸭淀扩张的威胁而被迫走向战争 Rhodes：修老师给鸭淀洗地！明明是鸭淀主动挑的事！ 列奥施特劳斯：修老师给四八大洗地！他因为是精神四八大人而觉得要不是因为鸭淀挑事四八大这种高贵城邦是不会主动发动侵略战争的！ 我：（你们能不能统一一下口径 ​​​​​
0.08944272,5908958925,​​​​#每日一善[超话]# 党的十八大提出，倡导富强、民主、文明、和谐，倡导自由、平等、公正、法治，倡导爱国、敬业、诚信、友善，积极培育和践行社会主义核心价值观。富强、民主、文明、和谐是国家层面的价值目标，自由、平等、公正、法治是社会层面的价值取向，爱国、敬业、诚信、友善是公民个人层面的价 ​​​​​
0.08944272,5799664003,​​​​真正的从娃娃抓起//@管鑫Sam:英国青少年议会的全国组织机构均由青少年担任管理职务，由议会的多数党来提供资源支持。全国超过90%的选区都会选出青少年议员来参与每年三次的辩论和全国活动规划，其中有两次为全国性的，有一次在11月在议会大厦举行，由下议院议长亲自组织辩论。
0.08944272,1167257004,​​​​外交的鸣放礼炮都是单数，因为起源于英国，当时觉得双数不吉利，国家元首21响，政府首脑19响，依次递减。中国1984年开始采用迎送外宾时鸣放礼炮制度。 ​​​​​
0.08944272,1971918931,回复@所罗门今天实装了吗:其实我还想说 考研党nb什么呢 还不是因为高考考不上好学校or大学不好好学没有保研资格[嘻嘻]
0.08944272,5623967986,​​​​#冒牌上尉[电影]##微影评#  德国的一系列二战题材电影，历来蕴含着着深刻反思战争罪恶的精神内核，而其中的精品，则在此基础上，进一步展开对特殊时期中人性与社会的思考。 黑白画面令影片的历史真实感愈发强烈，氛围愈发阴冷。施罗德只是捡到一身上尉军服，就立刻从命如草芥的逃兵一跃成为主宰生杀的 ​​​​​
0.08944272,6775434271,截图中的居士也挺有意思，脑子像是进水一样。梦中的微博封了，这名居士竟然估计是政府要后续处理学大，让大家以为梦中是学大的粉，笑死了。梦中一直是反学大的，梦中的微博封了，正常思维不应该是先估计政府要处理贤佳么？
0.08944272,6038145776,​​​​政府为何还不进行收容教养，涉嫌渎职了！
0.08944272,1918402822,​​​​//@八大山债人: //@一米单车一米路://@放牛归来再读书 ://@大概率逻辑 ://@水獭otter :[good]//@薇薇一品兰 : //@泰坦提尔之手 ://@战争史研究WHS :扫黑除恶，除恶务尽[good][good]//@张艺清大爷 :谢谢你[泪]今天有一个好消息，黑老大海国鹏被公开通缉，我也刚看到
0.08944272,6775434271,回复:呵呵呵！请贤佳法师开示！//@太奇怪了，国家政府能保护贤佳，却保护不了贤启，这是什么理论？
0.08944272,6775434271,//@众志成诚123小号:他究竟要要规避什么安全风险？对这么一个正义举报人士回国，国家得多隆重的保护他呀？难不成做了亏心事？​​​​//@冤冤相报到何时: 回复:呵呵呵！请贤佳法师开示！//@太奇怪了，国家政府能保护贤佳，却保护不了贤启，这是什么理论？
0.08944272,1700054767,回复@盐盐七:哈哈哈哈哈博爱党，我觉得可以
0.08944272,6725088830,​​​​//@Zero麻嫲:比最後那張好看到哪裡去了， 政府宣傳才污染市容呢//@纯情的扫把头: ？？？？？？？？？？？
0.08944272,1973009074,​​​​//@衣锦夜行的燕公子: 他早就看对方党派那个一直侃侃而谈的男人不顺眼，看他栗色的头发不顺眼，看他闪闪发光的眼睛不顺眼，看他拿着矿泉水瓶的修长手指不顺眼，看他喝水时上下滑动的喉结不顺眼。该死！他不由把自己领带松了松，这样满口胡话的男人，真应该被压在墙上好好教训一下！
